facility,run_date,year,month,gender_race_group,patient_count,gender,race
1,2019-03-25,2019,3,FB,50,F,B
1,2019-03-25,2019,3,FW,82,F,W
1,2019-03-25,2019,3,MA,1,M,A
1,2019-03-25,2019,3,MB,30,M,B
1,2019-03-25,2019,3,MW,67,M,W
2,2019-03-25,2019,3,FA,1,F,A
2,2019-03-25,2019,3,FB,10,F,B
2,2019-03-25,2019,3,FH,1,F,H
2,2019-03-25,2019,3,FW,159,F,W
2,2019-03-25,2019,3,MB,2,M,B
2,2019-03-25,2019,3,MW,80,M,W
3,2019-03-25,2019,3,FB,40,F,B
3,2019-03-25,2019,3,FW,125,F,W
3,2019-03-25,2019,3,MB,26,M,B
3,2019-03-25,2019,3,MW,68,M,W
4,2019-03-25,2019,3,FB,12,F,B
4,2019-03-25,2019,3,FW,130,F,W
4,2019-03-25,2019,3,MB,2,M,B
4,2019-03-25,2019,3,MH,1,M,H
4,2019-03-25,2019,3,MW,54,M,W
1,2019-03-26,2019,3,FB,50,F,B
1,2019-03-26,2019,3,FW,82,F,W
1,2019-03-26,2019,3,MA,1,M,A
1,2019-03-26,2019,3,MB,30,M,B
1,2019-03-26,2019,3,MW,66,M,W
2,2019-03-26,2019,3,FA,1,F,A
2,2019-03-26,2019,3,FB,10,F,B
2,2019-03-26,2019,3,FH,1,F,H
2,2019-03-26,2019,3,FW,162,F,W
2,2019-03-26,2019,3,MB,2,M,B
2,2019-03-26,2019,3,MW,79,M,W
3,2019-03-26,2019,3,FB,39,F,B
3,2019-03-26,2019,3,FW,123,F,W
3,2019-03-26,2019,3,MB,26,M,B
3,2019-03-26,2019,3,MW,67,M,W
4,2019-03-26,2019,3,FB,11,F,B
4,2019-03-26,2019,3,FW,129,F,W
4,2019-03-26,2019,3,MB,1,M,B
4,2019-03-26,2019,3,MH,1,M,H
4,2019-03-26,2019,3,MW,54,M,W
1,2019-03-27,2019,3,FB,51,F,B
1,2019-03-27,2019,3,FW,82,F,W
1,2019-03-27,2019,3,MA,1,M,A
1,2019-03-27,2019,3,MB,30,M,B
1,2019-03-27,2019,3,MW,67,M,W
2,2019-03-27,2019,3,FA,1,F,A
2,2019-03-27,2019,3,FB,9,F,B
2,2019-03-27,2019,3,FH,1,F,H
2,2019-03-27,2019,3,FW,161,F,W
2,2019-03-27,2019,3,MB,2,M,B
2,2019-03-27,2019,3,MW,79,M,W
3,2019-03-27,2019,3,FB,40,F,B
3,2019-03-27,2019,3,FW,124,F,W
3,2019-03-27,2019,3,MB,26,M,B
3,2019-03-27,2019,3,MW,65,M,W
4,2019-03-27,2019,3,FB,11,F,B
4,2019-03-27,2019,3,FW,129,F,W
4,2019-03-27,2019,3,MB,1,M,B
4,2019-03-27,2019,3,MH,1,M,H
4,2019-03-27,2019,3,MW,54,M,W
1,2019-03-28,2019,3,FB,51,F,B
1,2019-03-28,2019,3,FW,82,F,W
1,2019-03-28,2019,3,MA,1,M,A
1,2019-03-28,2019,3,MB,30,M,B
1,2019-03-28,2019,3,MW,66,M,W
2,2019-03-28,2019,3,FA,1,F,A
2,2019-03-28,2019,3,FB,9,F,B
2,2019-03-28,2019,3,FH,1,F,H
2,2019-03-28,2019,3,FW,162,F,W
2,2019-03-28,2019,3,MB,2,M,B
2,2019-03-28,2019,3,MW,79,M,W
3,2019-03-28,2019,3,FB,40,F,B
3,2019-03-28,2019,3,FW,122,F,W
3,2019-03-28,2019,3,MB,24,M,B
3,2019-03-28,2019,3,MW,64,M,W
4,2019-03-28,2019,3,FB,11,F,B
4,2019-03-28,2019,3,FW,129,F,W
4,2019-03-28,2019,3,MB,1,M,B
4,2019-03-28,2019,3,MH,1,M,H
4,2019-03-28,2019,3,MW,54,M,W
1,2019-03-29,2019,3,FB,51,F,B
1,2019-03-29,2019,3,FW,82,F,W
1,2019-03-29,2019,3,MA,1,M,A
1,2019-03-29,2019,3,MB,31,M,B
1,2019-03-29,2019,3,MW,67,M,W
2,2019-03-29,2019,3,FA,1,F,A
2,2019-03-29,2019,3,FB,9,F,B
2,2019-03-29,2019,3,FH,1,F,H
2,2019-03-29,2019,3,FW,162,F,W
2,2019-03-29,2019,3,MB,2,M,B
2,2019-03-29,2019,3,MW,79,M,W
3,2019-03-29,2019,3,FB,39,F,B
3,2019-03-29,2019,3,FW,122,F,W
3,2019-03-29,2019,3,MB,23,M,B
3,2019-03-29,2019,3,MW,65,M,W
4,2019-03-29,2019,3,FB,11,F,B
4,2019-03-29,2019,3,FW,129,F,W
4,2019-03-29,2019,3,MB,1,M,B
4,2019-03-29,2019,3,MH,1,M,H
4,2019-03-29,2019,3,MW,54,M,W
1,2019-04-01,2019,4,FB,51,F,B
1,2019-04-01,2019,4,FW,81,F,W
1,2019-04-01,2019,4,MA,1,M,A
1,2019-04-01,2019,4,MB,31,M,B
1,2019-04-01,2019,4,MW,67,M,W
2,2019-04-01,2019,4,FA,1,F,A
2,2019-04-01,2019,4,FB,9,F,B
2,2019-04-01,2019,4,FH,1,F,H
2,2019-04-01,2019,4,FW,157,F,W
2,2019-04-01,2019,4,MB,2,M,B
2,2019-04-01,2019,4,MW,79,M,W
3,2019-04-01,2019,4,FB,38,F,B
3,2019-04-01,2019,4,FW,123,F,W
3,2019-04-01,2019,4,MB,24,M,B
3,2019-04-01,2019,4,MW,67,M,W
4,2019-04-01,2019,4,FB,11,F,B
4,2019-04-01,2019,4,FW,128,F,W
4,2019-04-01,2019,4,MB,1,M,B
4,2019-04-01,2019,4,MH,1,M,H
4,2019-04-01,2019,4,MW,54,M,W
1,2019-04-02,2019,4,FB,51,F,B
1,2019-04-02,2019,4,FW,80,F,W
1,2019-04-02,2019,4,MA,1,M,A
1,2019-04-02,2019,4,MB,32,M,B
1,2019-04-02,2019,4,MW,66,M,W
2,2019-04-02,2019,4,FA,1,F,A
2,2019-04-02,2019,4,FB,9,F,B
2,2019-04-02,2019,4,FH,1,F,H
2,2019-04-02,2019,4,FW,159,F,W
2,2019-04-02,2019,4,MB,2,M,B
2,2019-04-02,2019,4,MW,81,M,W
3,2019-04-02,2019,4,FB,37,F,B
3,2019-04-02,2019,4,FW,123,F,W
3,2019-04-02,2019,4,MB,24,M,B
3,2019-04-02,2019,4,MW,67,M,W
4,2019-04-02,2019,4,FB,11,F,B
4,2019-04-02,2019,4,FW,129,F,W
4,2019-04-02,2019,4,MB,1,M,B
4,2019-04-02,2019,4,MH,1,M,H
4,2019-04-02,2019,4,MW,54,M,W
1,2019-04-03,2019,4,FB,51,F,B
1,2019-04-03,2019,4,FW,80,F,W
1,2019-04-03,2019,4,MA,1,M,A
1,2019-04-03,2019,4,MB,32,M,B
1,2019-04-03,2019,4,MW,66,M,W
2,2019-04-03,2019,4,FA,1,F,A
2,2019-04-03,2019,4,FB,9,F,B
2,2019-04-03,2019,4,FH,1,F,H
2,2019-04-03,2019,4,FW,159,F,W
2,2019-04-03,2019,4,MB,2,M,B
2,2019-04-03,2019,4,MW,80,M,W
3,2019-04-03,2019,4,FB,37,F,B
3,2019-04-03,2019,4,FW,125,F,W
3,2019-04-03,2019,4,MB,23,M,B
3,2019-04-03,2019,4,MW,67,M,W
4,2019-04-03,2019,4,FB,11,F,B
4,2019-04-03,2019,4,FW,128,F,W
4,2019-04-03,2019,4,MB,1,M,B
4,2019-04-03,2019,4,MH,1,M,H
4,2019-04-03,2019,4,MW,54,M,W
1,2019-04-04,2019,4,FB,51,F,B
1,2019-04-04,2019,4,FW,80,F,W
1,2019-04-04,2019,4,MA,1,M,A
1,2019-04-04,2019,4,MB,32,M,B
1,2019-04-04,2019,4,MW,66,M,W
2,2019-04-04,2019,4,FA,1,F,A
2,2019-04-04,2019,4,FB,9,F,B
2,2019-04-04,2019,4,FH,1,F,H
2,2019-04-04,2019,4,FW,159,F,W
2,2019-04-04,2019,4,MB,2,M,B
2,2019-04-04,2019,4,MW,80,M,W
3,2019-04-04,2019,4,FB,37,F,B
3,2019-04-04,2019,4,FW,125,F,W
3,2019-04-04,2019,4,MB,23,M,B
3,2019-04-04,2019,4,MW,67,M,W
4,2019-04-04,2019,4,FB,11,F,B
4,2019-04-04,2019,4,FW,128,F,W
4,2019-04-04,2019,4,MB,1,M,B
4,2019-04-04,2019,4,MH,1,M,H
4,2019-04-04,2019,4,MW,54,M,W
1,2019-04-05,2019,4,FB,51,F,B
1,2019-04-05,2019,4,FW,80,F,W
1,2019-04-05,2019,4,MA,1,M,A
1,2019-04-05,2019,4,MB,32,M,B
1,2019-04-05,2019,4,MW,66,M,W
2,2019-04-05,2019,4,FA,1,F,A
2,2019-04-05,2019,4,FB,9,F,B
2,2019-04-05,2019,4,FH,1,F,H
2,2019-04-05,2019,4,FW,159,F,W
2,2019-04-05,2019,4,MB,2,M,B
2,2019-04-05,2019,4,MW,79,M,W
3,2019-04-05,2019,4,FB,37,F,B
3,2019-04-05,2019,4,FW,127,F,W
3,2019-04-05,2019,4,MB,23,M,B
3,2019-04-05,2019,4,MW,65,M,W
4,2019-04-05,2019,4,FB,11,F,B
4,2019-04-05,2019,4,FW,127,F,W
4,2019-04-05,2019,4,MB,1,M,B
4,2019-04-05,2019,4,MH,1,M,H
4,2019-04-05,2019,4,MW,55,M,W
1,2019-04-09,2019,4,FB,51,F,B
1,2019-04-09,2019,4,FW,79,F,W
1,2019-04-09,2019,4,MA,1,M,A
1,2019-04-09,2019,4,MB,32,M,B
1,2019-04-09,2019,4,MW,66,M,W
2,2019-04-09,2019,4,FA,1,F,A
2,2019-04-09,2019,4,FB,9,F,B
2,2019-04-09,2019,4,FH,1,F,H
2,2019-04-09,2019,4,FW,159,F,W
2,2019-04-09,2019,4,MB,2,M,B
2,2019-04-09,2019,4,MW,81,M,W
3,2019-04-09,2019,4,FB,38,F,B
3,2019-04-09,2019,4,FW,127,F,W
3,2019-04-09,2019,4,MB,24,M,B
3,2019-04-09,2019,4,MW,66,M,W
4,2019-04-09,2019,4,FB,11,F,B
4,2019-04-09,2019,4,FW,127,F,W
4,2019-04-09,2019,4,MB,1,M,B
4,2019-04-09,2019,4,MH,1,M,H
4,2019-04-09,2019,4,MW,56,M,W
1,2019-04-10,2019,4,FB,51,F,B
1,2019-04-10,2019,4,FW,79,F,W
1,2019-04-10,2019,4,MA,1,M,A
1,2019-04-10,2019,4,MB,32,M,B
1,2019-04-10,2019,4,MW,67,M,W
2,2019-04-10,2019,4,FA,1,F,A
2,2019-04-10,2019,4,FB,10,F,B
2,2019-04-10,2019,4,FH,1,F,H
2,2019-04-10,2019,4,FW,159,F,W
2,2019-04-10,2019,4,MB,2,M,B
2,2019-04-10,2019,4,MW,81,M,W
3,2019-04-10,2019,4,FB,37,F,B
3,2019-04-10,2019,4,FW,130,F,W
3,2019-04-10,2019,4,MB,24,M,B
3,2019-04-10,2019,4,MW,66,M,W
4,2019-04-10,2019,4,FB,11,F,B
4,2019-04-10,2019,4,FW,127,F,W
4,2019-04-10,2019,4,MB,1,M,B
4,2019-04-10,2019,4,MH,1,M,H
4,2019-04-10,2019,4,MW,57,M,W
1,2019-04-11,2019,4,FB,51,F,B
1,2019-04-11,2019,4,FW,79,F,W
1,2019-04-11,2019,4,MA,1,M,A
1,2019-04-11,2019,4,MB,32,M,B
1,2019-04-11,2019,4,MW,67,M,W
2,2019-04-11,2019,4,FA,1,F,A
2,2019-04-11,2019,4,FB,10,F,B
2,2019-04-11,2019,4,FH,1,F,H
2,2019-04-11,2019,4,FW,159,F,W
2,2019-04-11,2019,4,MB,2,M,B
2,2019-04-11,2019,4,MW,79,M,W
3,2019-04-11,2019,4,FB,36,F,B
3,2019-04-11,2019,4,FW,131,F,W
3,2019-04-11,2019,4,MB,24,M,B
3,2019-04-11,2019,4,MW,67,M,W
4,2019-04-11,2019,4,FB,11,F,B
4,2019-04-11,2019,4,FW,128,F,W
4,2019-04-11,2019,4,MB,1,M,B
4,2019-04-11,2019,4,MH,1,M,H
4,2019-04-11,2019,4,MW,57,M,W
1,2019-04-12,2019,4,FB,51,F,B
1,2019-04-12,2019,4,FW,79,F,W
1,2019-04-12,2019,4,MA,1,M,A
1,2019-04-12,2019,4,MB,32,M,B
1,2019-04-12,2019,4,MW,67,M,W
2,2019-04-12,2019,4,FA,1,F,A
2,2019-04-12,2019,4,FB,11,F,B
2,2019-04-12,2019,4,FH,1,F,H
2,2019-04-12,2019,4,FW,159,F,W
2,2019-04-12,2019,4,MB,2,M,B
2,2019-04-12,2019,4,MW,79,M,W
3,2019-04-12,2019,4,FB,36,F,B
3,2019-04-12,2019,4,FW,131,F,W
3,2019-04-12,2019,4,MB,24,M,B
3,2019-04-12,2019,4,MW,67,M,W
4,2019-04-12,2019,4,FB,11,F,B
4,2019-04-12,2019,4,FW,129,F,W
4,2019-04-12,2019,4,MB,1,M,B
4,2019-04-12,2019,4,MH,1,M,H
4,2019-04-12,2019,4,MW,57,M,W
1,2019-04-18,2019,4,FB,51,F,B
1,2019-04-18,2019,4,FW,79,F,W
1,2019-04-18,2019,4,MA,1,M,A
1,2019-04-18,2019,4,MB,31,M,B
1,2019-04-18,2019,4,MW,67,M,W
2,2019-04-18,2019,4,FA,1,F,A
2,2019-04-18,2019,4,FB,11,F,B
2,2019-04-18,2019,4,FH,1,F,H
2,2019-04-18,2019,4,FW,157,F,W
2,2019-04-18,2019,4,MB,2,M,B
2,2019-04-18,2019,4,MW,77,M,W
3,2019-04-18,2019,4,FB,37,F,B
3,2019-04-18,2019,4,FW,127,F,W
3,2019-04-18,2019,4,MB,24,M,B
3,2019-04-18,2019,4,MW,67,M,W
4,2019-04-18,2019,4,FB,12,F,B
4,2019-04-18,2019,4,FW,132,F,W
4,2019-04-18,2019,4,MB,1,M,B
4,2019-04-18,2019,4,MH,1,M,H
4,2019-04-18,2019,4,MW,58,M,W
1,2019-04-19,2019,4,FB,51,F,B
1,2019-04-19,2019,4,FW,79,F,W
1,2019-04-19,2019,4,MA,1,M,A
1,2019-04-19,2019,4,MB,31,M,B
1,2019-04-19,2019,4,MW,67,M,W
2,2019-04-19,2019,4,FA,1,F,A
2,2019-04-19,2019,4,FB,11,F,B
2,2019-04-19,2019,4,FH,1,F,H
2,2019-04-19,2019,4,FW,157,F,W
2,2019-04-19,2019,4,MB,2,M,B
2,2019-04-19,2019,4,MW,77,M,W
3,2019-04-19,2019,4,FB,37,F,B
3,2019-04-19,2019,4,FW,127,F,W
3,2019-04-19,2019,4,MB,24,M,B
3,2019-04-19,2019,4,MW,67,M,W
4,2019-04-19,2019,4,FB,12,F,B
4,2019-04-19,2019,4,FW,132,F,W
4,2019-04-19,2019,4,MB,1,M,B
4,2019-04-19,2019,4,MH,1,M,H
4,2019-04-19,2019,4,MW,58,M,W
1,2019-04-22,2019,4,FB,51,F,B
1,2019-04-22,2019,4,FW,79,F,W
1,2019-04-22,2019,4,MA,1,M,A
1,2019-04-22,2019,4,MB,31,M,B
1,2019-04-22,2019,4,MW,67,M,W
2,2019-04-22,2019,4,FA,1,F,A
2,2019-04-22,2019,4,FB,11,F,B
2,2019-04-22,2019,4,FH,1,F,H
2,2019-04-22,2019,4,FW,152,F,W
2,2019-04-22,2019,4,MB,2,M,B
2,2019-04-22,2019,4,MW,77,M,W
3,2019-04-22,2019,4,FB,36,F,B
3,2019-04-22,2019,4,FW,124,F,W
3,2019-04-22,2019,4,MB,24,M,B
3,2019-04-22,2019,4,MW,65,M,W
4,2019-04-22,2019,4,FB,12,F,B
4,2019-04-22,2019,4,FW,131,F,W
4,2019-04-22,2019,4,MB,1,M,B
4,2019-04-22,2019,4,MH,1,M,H
4,2019-04-22,2019,4,MW,57,M,W
1,2019-04-23,2019,4,FB,51,F,B
1,2019-04-23,2019,4,FW,79,F,W
1,2019-04-23,2019,4,MA,1,M,A
1,2019-04-23,2019,4,MB,30,M,B
1,2019-04-23,2019,4,MW,67,M,W
2,2019-04-23,2019,4,FA,1,F,A
2,2019-04-23,2019,4,FB,11,F,B
2,2019-04-23,2019,4,FH,1,F,H
2,2019-04-23,2019,4,FW,151,F,W
2,2019-04-23,2019,4,MB,2,M,B
2,2019-04-23,2019,4,MW,77,M,W
3,2019-04-23,2019,4,FB,36,F,B
3,2019-04-23,2019,4,FW,126,F,W
3,2019-04-23,2019,4,MB,24,M,B
3,2019-04-23,2019,4,MW,65,M,W
4,2019-04-23,2019,4,FB,12,F,B
4,2019-04-23,2019,4,FW,130,F,W
4,2019-04-23,2019,4,MB,1,M,B
4,2019-04-23,2019,4,MH,1,M,H
4,2019-04-23,2019,4,MW,57,M,W
1,2019-04-24,2019,4,FB,51,F,B
1,2019-04-24,2019,4,FW,79,F,W
1,2019-04-24,2019,4,MA,1,M,A
1,2019-04-24,2019,4,MB,30,M,B
1,2019-04-24,2019,4,MW,67,M,W
2,2019-04-24,2019,4,FA,1,F,A
2,2019-04-24,2019,4,FB,11,F,B
2,2019-04-24,2019,4,FH,1,F,H
2,2019-04-24,2019,4,FW,153,F,W
2,2019-04-24,2019,4,MB,2,M,B
2,2019-04-24,2019,4,MW,77,M,W
3,2019-04-24,2019,4,FB,36,F,B
3,2019-04-24,2019,4,FW,125,F,W
3,2019-04-24,2019,4,MB,24,M,B
3,2019-04-24,2019,4,MW,65,M,W
4,2019-04-24,2019,4,FB,12,F,B
4,2019-04-24,2019,4,FW,129,F,W
4,2019-04-24,2019,4,MB,1,M,B
4,2019-04-24,2019,4,MH,1,M,H
4,2019-04-24,2019,4,MW,58,M,W
1,2019-04-25,2019,4,FB,51,F,B
1,2019-04-25,2019,4,FW,78,F,W
1,2019-04-25,2019,4,MA,1,M,A
1,2019-04-25,2019,4,MB,30,M,B
1,2019-04-25,2019,4,MW,67,M,W
2,2019-04-25,2019,4,FA,1,F,A
2,2019-04-25,2019,4,FB,10,F,B
2,2019-04-25,2019,4,FH,1,F,H
2,2019-04-25,2019,4,FW,154,F,W
2,2019-04-25,2019,4,MB,2,M,B
2,2019-04-25,2019,4,MW,78,M,W
3,2019-04-25,2019,4,FB,36,F,B
3,2019-04-25,2019,4,FW,126,F,W
3,2019-04-25,2019,4,MB,23,M,B
3,2019-04-25,2019,4,MW,66,M,W
4,2019-04-25,2019,4,FB,12,F,B
4,2019-04-25,2019,4,FW,129,F,W
4,2019-04-25,2019,4,MB,1,M,B
4,2019-04-25,2019,4,MH,1,M,H
4,2019-04-25,2019,4,MW,58,M,W
1,2019-04-26,2019,4,FB,51,F,B
1,2019-04-26,2019,4,FW,79,F,W
1,2019-04-26,2019,4,MA,1,M,A
1,2019-04-26,2019,4,MB,30,M,B
1,2019-04-26,2019,4,MW,67,M,W
2,2019-04-26,2019,4,FA,1,F,A
2,2019-04-26,2019,4,FB,10,F,B
2,2019-04-26,2019,4,FH,1,F,H
2,2019-04-26,2019,4,FW,154,F,W
2,2019-04-26,2019,4,MB,2,M,B
2,2019-04-26,2019,4,MW,79,M,W
3,2019-04-26,2019,4,FB,36,F,B
3,2019-04-26,2019,4,FW,126,F,W
3,2019-04-26,2019,4,MB,23,M,B
3,2019-04-26,2019,4,MW,66,M,W
4,2019-04-26,2019,4,FB,13,F,B
4,2019-04-26,2019,4,FW,129,F,W
4,2019-04-26,2019,4,MB,1,M,B
4,2019-04-26,2019,4,MH,1,M,H
4,2019-04-26,2019,4,MW,57,M,W
1,2019-04-29,2019,4,FB,51,F,B
1,2019-04-29,2019,4,FW,79,F,W
1,2019-04-29,2019,4,MA,1,M,A
1,2019-04-29,2019,4,MB,30,M,B
1,2019-04-29,2019,4,MW,67,M,W
2,2019-04-29,2019,4,FA,1,F,A
2,2019-04-29,2019,4,FB,10,F,B
2,2019-04-29,2019,4,FH,1,F,H
2,2019-04-29,2019,4,FW,153,F,W
2,2019-04-29,2019,4,MB,2,M,B
2,2019-04-29,2019,4,MW,78,M,W
3,2019-04-29,2019,4,FB,36,F,B
3,2019-04-29,2019,4,FW,126,F,W
3,2019-04-29,2019,4,MB,23,M,B
3,2019-04-29,2019,4,MW,66,M,W
4,2019-04-29,2019,4,FB,13,F,B
4,2019-04-29,2019,4,FW,129,F,W
4,2019-04-29,2019,4,MB,1,M,B
4,2019-04-29,2019,4,MH,1,M,H
4,2019-04-29,2019,4,MW,56,M,W
1,2019-04-30,2019,4,FB,51,F,B
1,2019-04-30,2019,4,FW,79,F,W
1,2019-04-30,2019,4,MA,1,M,A
1,2019-04-30,2019,4,MB,30,M,B
1,2019-04-30,2019,4,MW,67,M,W
2,2019-04-30,2019,4,FA,1,F,A
2,2019-04-30,2019,4,FB,10,F,B
2,2019-04-30,2019,4,FH,1,F,H
2,2019-04-30,2019,4,FW,153,F,W
2,2019-04-30,2019,4,MB,2,M,B
2,2019-04-30,2019,4,MW,78,M,W
3,2019-04-30,2019,4,FB,36,F,B
3,2019-04-30,2019,4,FW,126,F,W
3,2019-04-30,2019,4,MB,23,M,B
3,2019-04-30,2019,4,MW,68,M,W
4,2019-04-30,2019,4,FB,13,F,B
4,2019-04-30,2019,4,FW,129,F,W
4,2019-04-30,2019,4,MB,1,M,B
4,2019-04-30,2019,4,MH,1,M,H
4,2019-04-30,2019,4,MW,56,M,W
1,2019-05-01,2019,5,FB,51,F,B
1,2019-05-01,2019,5,FW,78,F,W
1,2019-05-01,2019,5,MA,1,M,A
1,2019-05-01,2019,5,MB,30,M,B
1,2019-05-01,2019,5,MW,67,M,W
2,2019-05-01,2019,5,FA,1,F,A
2,2019-05-01,2019,5,FB,10,F,B
2,2019-05-01,2019,5,FH,1,F,H
2,2019-05-01,2019,5,FW,154,F,W
2,2019-05-01,2019,5,MB,2,M,B
2,2019-05-01,2019,5,MW,77,M,W
3,2019-05-01,2019,5,FB,36,F,B
3,2019-05-01,2019,5,FW,126,F,W
3,2019-05-01,2019,5,MB,23,M,B
3,2019-05-01,2019,5,MW,70,M,W
4,2019-05-01,2019,5,FB,13,F,B
4,2019-05-01,2019,5,FW,128,F,W
4,2019-05-01,2019,5,MB,1,M,B
4,2019-05-01,2019,5,MH,1,M,H
4,2019-05-01,2019,5,MW,55,M,W
1,2019-03-21,2019,3,FB,50,F,B
1,2019-03-21,2019,3,FW,82,F,W
1,2019-03-21,2019,3,MA,1,M,A
1,2019-03-21,2019,3,MB,30,M,B
1,2019-03-21,2019,3,MW,67,M,W
2,2019-03-21,2019,3,FA,1,F,A
2,2019-03-21,2019,3,FB,10,F,B
2,2019-03-21,2019,3,FH,1,F,H
2,2019-03-21,2019,3,FW,160,F,W
2,2019-03-21,2019,3,MB,3,M,B
2,2019-03-21,2019,3,MW,81,M,W
3,2019-03-21,2019,3,FB,41,F,B
3,2019-03-21,2019,3,FW,124,F,W
3,2019-03-21,2019,3,MB,26,M,B
3,2019-03-21,2019,3,MW,66,M,W
4,2019-03-21,2019,3,FB,12,F,B
4,2019-03-21,2019,3,FW,131,F,W
4,2019-03-21,2019,3,MB,2,M,B
4,2019-03-21,2019,3,MH,1,M,H
4,2019-03-21,2019,3,MW,55,M,W
1,2019-05-02,2019,5,FB,50,F,B
1,2019-05-02,2019,5,FW,78,F,W
1,2019-05-02,2019,5,MA,1,M,A
1,2019-05-02,2019,5,MB,30,M,B
1,2019-05-02,2019,5,MW,67,M,W
2,2019-05-02,2019,5,FA,1,F,A
2,2019-05-02,2019,5,FB,11,F,B
2,2019-05-02,2019,5,FH,1,F,H
2,2019-05-02,2019,5,FW,153,F,W
2,2019-05-02,2019,5,MB,2,M,B
2,2019-05-02,2019,5,MW,77,M,W
3,2019-05-02,2019,5,FB,36,F,B
3,2019-05-02,2019,5,FW,127,F,W
3,2019-05-02,2019,5,MB,24,M,B
3,2019-05-02,2019,5,MW,71,M,W
4,2019-05-02,2019,5,FB,13,F,B
4,2019-05-02,2019,5,FW,128,F,W
4,2019-05-02,2019,5,MB,1,M,B
4,2019-05-02,2019,5,MH,1,M,H
4,2019-05-02,2019,5,MW,56,M,W
1,2019-05-03,2019,5,FB,50,F,B
1,2019-05-03,2019,5,FW,78,F,W
1,2019-05-03,2019,5,MA,1,M,A
1,2019-05-03,2019,5,MB,30,M,B
1,2019-05-03,2019,5,MW,67,M,W
2,2019-05-03,2019,5,FA,1,F,A
2,2019-05-03,2019,5,FB,12,F,B
2,2019-05-03,2019,5,FH,1,F,H
2,2019-05-03,2019,5,FW,153,F,W
2,2019-05-03,2019,5,MB,2,M,B
2,2019-05-03,2019,5,MW,76,M,W
3,2019-05-03,2019,5,FB,36,F,B
3,2019-05-03,2019,5,FW,129,F,W
3,2019-05-03,2019,5,MB,24,M,B
3,2019-05-03,2019,5,MW,70,M,W
4,2019-05-03,2019,5,FB,13,F,B
4,2019-05-03,2019,5,FW,128,F,W
4,2019-05-03,2019,5,MB,1,M,B
4,2019-05-03,2019,5,MH,1,M,H
4,2019-05-03,2019,5,MW,56,M,W
1,2019-05-07,2019,5,FB,50,F,B
1,2019-05-07,2019,5,FW,79,F,W
1,2019-05-07,2019,5,MA,1,M,A
1,2019-05-07,2019,5,MB,30,M,B
1,2019-05-07,2019,5,MW,66,M,W
2,2019-05-07,2019,5,FA,1,F,A
2,2019-05-07,2019,5,FB,13,F,B
2,2019-05-07,2019,5,FH,1,F,H
2,2019-05-07,2019,5,FW,152,F,W
2,2019-05-07,2019,5,MB,2,M,B
2,2019-05-07,2019,5,MW,78,M,W
3,2019-05-07,2019,5,FB,36,F,B
3,2019-05-07,2019,5,FW,126,F,W
3,2019-05-07,2019,5,MB,24,M,B
3,2019-05-07,2019,5,MW,68,M,W
4,2019-05-07,2019,5,FB,12,F,B
4,2019-05-07,2019,5,FW,126,F,W
4,2019-05-07,2019,5,MB,1,M,B
4,2019-05-07,2019,5,MH,1,M,H
4,2019-05-07,2019,5,MW,53,M,W
1,2019-05-08,2019,5,FB,50,F,B
1,2019-05-08,2019,5,FW,79,F,W
1,2019-05-08,2019,5,MA,1,M,A
1,2019-05-08,2019,5,MB,30,M,B
1,2019-05-08,2019,5,MW,66,M,W
2,2019-05-08,2019,5,FA,1,F,A
2,2019-05-08,2019,5,FB,13,F,B
2,2019-05-08,2019,5,FH,1,F,H
2,2019-05-08,2019,5,FW,153,F,W
2,2019-05-08,2019,5,MB,2,M,B
2,2019-05-08,2019,5,MW,78,M,W
3,2019-05-08,2019,5,FB,36,F,B
3,2019-05-08,2019,5,FW,126,F,W
3,2019-05-08,2019,5,MB,24,M,B
3,2019-05-08,2019,5,MW,70,M,W
4,2019-05-08,2019,5,FB,11,F,B
4,2019-05-08,2019,5,FW,126,F,W
4,2019-05-08,2019,5,MB,1,M,B
4,2019-05-08,2019,5,MH,1,M,H
4,2019-05-08,2019,5,MW,53,M,W
1,2019-05-09,2019,5,FB,50,F,B
1,2019-05-09,2019,5,FW,79,F,W
1,2019-05-09,2019,5,MA,1,M,A
1,2019-05-09,2019,5,MB,31,M,B
1,2019-05-09,2019,5,MW,66,M,W
2,2019-05-09,2019,5,FA,1,F,A
2,2019-05-09,2019,5,FB,13,F,B
2,2019-05-09,2019,5,FH,1,F,H
2,2019-05-09,2019,5,FW,153,F,W
2,2019-05-09,2019,5,MB,2,M,B
2,2019-05-09,2019,5,MW,79,M,W
3,2019-05-09,2019,5,FB,39,F,B
3,2019-05-09,2019,5,FW,126,F,W
3,2019-05-09,2019,5,MB,24,M,B
3,2019-05-09,2019,5,MW,70,M,W
4,2019-05-09,2019,5,FB,11,F,B
4,2019-05-09,2019,5,FW,124,F,W
4,2019-05-09,2019,5,MB,1,M,B
4,2019-05-09,2019,5,MH,1,M,H
4,2019-05-09,2019,5,MW,53,M,W
1,2019-05-10,2019,5,FB,50,F,B
1,2019-05-10,2019,5,FW,79,F,W
1,2019-05-10,2019,5,MA,1,M,A
1,2019-05-10,2019,5,MB,31,M,B
1,2019-05-10,2019,5,MW,66,M,W
2,2019-05-10,2019,5,FA,1,F,A
2,2019-05-10,2019,5,FB,13,F,B
2,2019-05-10,2019,5,FH,1,F,H
2,2019-05-10,2019,5,FW,153,F,W
2,2019-05-10,2019,5,MB,2,M,B
2,2019-05-10,2019,5,MW,79,M,W
3,2019-05-10,2019,5,FB,40,F,B
3,2019-05-10,2019,5,FW,126,F,W
3,2019-05-10,2019,5,MB,25,M,B
3,2019-05-10,2019,5,MW,70,M,W
4,2019-05-10,2019,5,FB,11,F,B
4,2019-05-10,2019,5,FW,124,F,W
4,2019-05-10,2019,5,MB,1,M,B
4,2019-05-10,2019,5,MH,1,M,H
4,2019-05-10,2019,5,MW,53,M,W
1,2019-05-13,2019,5,FB,50,F,B
1,2019-05-13,2019,5,FW,80,F,W
1,2019-05-13,2019,5,MA,1,M,A
1,2019-05-13,2019,5,MB,31,M,B
1,2019-05-13,2019,5,MW,67,M,W
2,2019-05-13,2019,5,FA,1,F,A
2,2019-05-13,2019,5,FB,13,F,B
2,2019-05-13,2019,5,FH,1,F,H
2,2019-05-13,2019,5,FW,154,F,W
2,2019-05-13,2019,5,MB,2,M,B
2,2019-05-13,2019,5,MW,79,M,W
3,2019-05-13,2019,5,FB,39,F,B
3,2019-05-13,2019,5,FW,124,F,W
3,2019-05-13,2019,5,MB,24,M,B
3,2019-05-13,2019,5,MW,70,M,W
4,2019-05-13,2019,5,FB,11,F,B
4,2019-05-13,2019,5,FW,124,F,W
4,2019-05-13,2019,5,MB,1,M,B
4,2019-05-13,2019,5,MH,1,M,H
4,2019-05-13,2019,5,MW,53,M,W
1,2019-05-14,2019,5,FB,50,F,B
1,2019-05-14,2019,5,FW,80,F,W
1,2019-05-14,2019,5,MA,1,M,A
1,2019-05-14,2019,5,MB,31,M,B
1,2019-05-14,2019,5,MW,67,M,W
2,2019-05-14,2019,5,FA,1,F,A
2,2019-05-14,2019,5,FB,13,F,B
2,2019-05-14,2019,5,FH,1,F,H
2,2019-05-14,2019,5,FW,155,F,W
2,2019-05-14,2019,5,MB,2,M,B
2,2019-05-14,2019,5,MW,80,M,W
3,2019-05-14,2019,5,FB,39,F,B
3,2019-05-14,2019,5,FW,124,F,W
3,2019-05-14,2019,5,MB,24,M,B
3,2019-05-14,2019,5,MW,70,M,W
4,2019-05-14,2019,5,FB,11,F,B
4,2019-05-14,2019,5,FW,124,F,W
4,2019-05-14,2019,5,MB,1,M,B
4,2019-05-14,2019,5,MH,1,M,H
4,2019-05-14,2019,5,MW,53,M,W
1,2019-05-15,2019,5,FB,50,F,B
1,2019-05-15,2019,5,FW,80,F,W
1,2019-05-15,2019,5,MA,1,M,A
1,2019-05-15,2019,5,MB,31,M,B
1,2019-05-15,2019,5,MW,67,M,W
2,2019-05-15,2019,5,FA,1,F,A
2,2019-05-15,2019,5,FB,13,F,B
2,2019-05-15,2019,5,FH,1,F,H
2,2019-05-15,2019,5,FW,156,F,W
2,2019-05-15,2019,5,MB,2,M,B
2,2019-05-15,2019,5,MW,80,M,W
3,2019-05-15,2019,5,FB,38,F,B
3,2019-05-15,2019,5,FW,125,F,W
3,2019-05-15,2019,5,MB,24,M,B
3,2019-05-15,2019,5,MW,69,M,W
4,2019-05-15,2019,5,FB,11,F,B
4,2019-05-15,2019,5,FW,123,F,W
4,2019-05-15,2019,5,MB,1,M,B
4,2019-05-15,2019,5,MH,1,M,H
4,2019-05-15,2019,5,MW,53,M,W
1,2019-05-16,2019,5,FB,50,F,B
1,2019-05-16,2019,5,FW,80,F,W
1,2019-05-16,2019,5,MA,1,M,A
1,2019-05-16,2019,5,MB,31,M,B
1,2019-05-16,2019,5,MW,66,M,W
2,2019-05-16,2019,5,FA,1,F,A
2,2019-05-16,2019,5,FB,13,F,B
2,2019-05-16,2019,5,FH,1,F,H
2,2019-05-16,2019,5,FW,155,F,W
2,2019-05-16,2019,5,MB,2,M,B
2,2019-05-16,2019,5,MW,81,M,W
3,2019-05-16,2019,5,FB,39,F,B
3,2019-05-16,2019,5,FW,125,F,W
3,2019-05-16,2019,5,MB,24,M,B
3,2019-05-16,2019,5,MW,69,M,W
4,2019-05-16,2019,5,FB,11,F,B
4,2019-05-16,2019,5,FW,122,F,W
4,2019-05-16,2019,5,MB,1,M,B
4,2019-05-16,2019,5,MH,1,M,H
4,2019-05-16,2019,5,MW,56,M,W
1,2019-05-17,2019,5,FB,50,F,B
1,2019-05-17,2019,5,FW,80,F,W
1,2019-05-17,2019,5,MA,1,M,A
1,2019-05-17,2019,5,MB,31,M,B
1,2019-05-17,2019,5,MW,66,M,W
2,2019-05-17,2019,5,FA,1,F,A
2,2019-05-17,2019,5,FB,13,F,B
2,2019-05-17,2019,5,FH,1,F,H
2,2019-05-17,2019,5,FW,156,F,W
2,2019-05-17,2019,5,MB,2,M,B
2,2019-05-17,2019,5,MW,81,M,W
3,2019-05-17,2019,5,FB,39,F,B
3,2019-05-17,2019,5,FW,124,F,W
3,2019-05-17,2019,5,MB,24,M,B
3,2019-05-17,2019,5,MW,72,M,W
4,2019-05-17,2019,5,FB,11,F,B
4,2019-05-17,2019,5,FW,122,F,W
4,2019-05-17,2019,5,MB,1,M,B
4,2019-05-17,2019,5,MH,1,M,H
4,2019-05-17,2019,5,MW,56,M,W
1,2019-05-20,2019,5,FB,50,F,B
1,2019-05-20,2019,5,FW,80,F,W
1,2019-05-20,2019,5,MA,1,M,A
1,2019-05-20,2019,5,MB,32,M,B
1,2019-05-20,2019,5,MW,66,M,W
2,2019-05-20,2019,5,FA,1,F,A
2,2019-05-20,2019,5,FB,13,F,B
2,2019-05-20,2019,5,FH,1,F,H
2,2019-05-20,2019,5,FW,157,F,W
2,2019-05-20,2019,5,MB,2,M,B
2,2019-05-20,2019,5,MW,81,M,W
3,2019-05-20,2019,5,FB,39,F,B
3,2019-05-20,2019,5,FW,124,F,W
3,2019-05-20,2019,5,MB,24,M,B
3,2019-05-20,2019,5,MW,70,M,W
4,2019-05-20,2019,5,FB,11,F,B
4,2019-05-20,2019,5,FW,121,F,W
4,2019-05-20,2019,5,MB,1,M,B
4,2019-05-20,2019,5,MH,1,M,H
4,2019-05-20,2019,5,MW,56,M,W
1,2019-05-22,2019,5,FB,50,F,B
1,2019-05-22,2019,5,FW,80,F,W
1,2019-05-22,2019,5,MA,1,M,A
1,2019-05-22,2019,5,MB,32,M,B
1,2019-05-22,2019,5,MW,66,M,W
2,2019-05-22,2019,5,FA,1,F,A
2,2019-05-22,2019,5,FB,13,F,B
2,2019-05-22,2019,5,FH,1,F,H
2,2019-05-22,2019,5,FW,157,F,W
2,2019-05-22,2019,5,MB,2,M,B
2,2019-05-22,2019,5,MW,81,M,W
3,2019-05-22,2019,5,FB,39,F,B
3,2019-05-22,2019,5,FW,124,F,W
3,2019-05-22,2019,5,MB,24,M,B
3,2019-05-22,2019,5,MW,70,M,W
4,2019-05-22,2019,5,FB,11,F,B
4,2019-05-22,2019,5,FW,121,F,W
4,2019-05-22,2019,5,MB,1,M,B
4,2019-05-22,2019,5,MH,1,M,H
4,2019-05-22,2019,5,MW,56,M,W
1,2019-05-23,2019,5,FB,50,F,B
1,2019-05-23,2019,5,FW,80,F,W
1,2019-05-23,2019,5,MA,1,M,A
1,2019-05-23,2019,5,MB,32,M,B
1,2019-05-23,2019,5,MW,66,M,W
2,2019-05-23,2019,5,FA,1,F,A
2,2019-05-23,2019,5,FB,13,F,B
2,2019-05-23,2019,5,FH,1,F,H
2,2019-05-23,2019,5,FW,159,F,W
2,2019-05-23,2019,5,MB,2,M,B
2,2019-05-23,2019,5,MW,78,M,W
3,2019-05-23,2019,5,FB,37,F,B
3,2019-05-23,2019,5,FW,122,F,W
3,2019-05-23,2019,5,MB,24,M,B
3,2019-05-23,2019,5,MW,72,M,W
4,2019-05-23,2019,5,FB,10,F,B
4,2019-05-23,2019,5,FW,123,F,W
4,2019-05-23,2019,5,MB,1,M,B
4,2019-05-23,2019,5,MH,1,M,H
4,2019-05-23,2019,5,MW,56,M,W
1,2019-05-24,2019,5,FB,50,F,B
1,2019-05-24,2019,5,FW,80,F,W
1,2019-05-24,2019,5,MA,1,M,A
1,2019-05-24,2019,5,MB,32,M,B
1,2019-05-24,2019,5,MW,66,M,W
2,2019-05-24,2019,5,FA,1,F,A
2,2019-05-24,2019,5,FB,13,F,B
2,2019-05-24,2019,5,FH,1,F,H
2,2019-05-24,2019,5,FW,158,F,W
2,2019-05-24,2019,5,MB,2,M,B
2,2019-05-24,2019,5,MW,77,M,W
3,2019-05-24,2019,5,FB,37,F,B
3,2019-05-24,2019,5,FW,123,F,W
3,2019-05-24,2019,5,MB,23,M,B
3,2019-05-24,2019,5,MW,73,M,W
4,2019-05-24,2019,5,FB,10,F,B
4,2019-05-24,2019,5,FW,124,F,W
4,2019-05-24,2019,5,MB,1,M,B
4,2019-05-24,2019,5,MH,1,M,H
4,2019-05-24,2019,5,MW,57,M,W
1,2019-05-31,2019,5,FB,49,F,B
1,2019-05-31,2019,5,FW,80,F,W
1,2019-05-31,2019,5,MA,1,M,A
1,2019-05-31,2019,5,MB,31,M,B
1,2019-05-31,2019,5,MW,65,M,W
2,2019-05-31,2019,5,FA,1,F,A
2,2019-05-31,2019,5,FB,12,F,B
2,2019-05-31,2019,5,FH,1,F,H
2,2019-05-31,2019,5,FW,159,F,W
2,2019-05-31,2019,5,MB,2,M,B
2,2019-05-31,2019,5,MW,78,M,W
3,2019-05-31,2019,5,FB,37,F,B
3,2019-05-31,2019,5,FW,126,F,W
3,2019-05-31,2019,5,MB,23,M,B
3,2019-05-31,2019,5,MW,74,M,W
4,2019-05-31,2019,5,FB,10,F,B
4,2019-05-31,2019,5,FW,123,F,W
4,2019-05-31,2019,5,MB,2,M,B
4,2019-05-31,2019,5,MH,1,M,H
4,2019-05-31,2019,5,MW,57,M,W
1,2019-06-03,2019,6,FB,49,F,B
1,2019-06-03,2019,6,FW,79,F,W
1,2019-06-03,2019,6,MA,1,M,A
1,2019-06-03,2019,6,MB,31,M,B
1,2019-06-03,2019,6,MW,65,M,W
2,2019-06-03,2019,6,FA,1,F,A
2,2019-06-03,2019,6,FB,12,F,B
2,2019-06-03,2019,6,FH,1,F,H
2,2019-06-03,2019,6,FW,159,F,W
2,2019-06-03,2019,6,MB,2,M,B
2,2019-06-03,2019,6,MW,78,M,W
3,2019-06-03,2019,6,FB,37,F,B
3,2019-06-03,2019,6,FW,125,F,W
3,2019-06-03,2019,6,MB,22,M,B
3,2019-06-03,2019,6,MW,73,M,W
4,2019-06-03,2019,6,FB,9,F,B
4,2019-06-03,2019,6,FW,124,F,W
4,2019-06-03,2019,6,MB,2,M,B
4,2019-06-03,2019,6,MH,1,M,H
4,2019-06-03,2019,6,MW,57,M,W
1,2019-06-04,2019,6,FB,49,F,B
1,2019-06-04,2019,6,FW,79,F,W
1,2019-06-04,2019,6,MA,1,M,A
1,2019-06-04,2019,6,MB,31,M,B
1,2019-06-04,2019,6,MW,65,M,W
2,2019-06-04,2019,6,FA,1,F,A
2,2019-06-04,2019,6,FB,12,F,B
2,2019-06-04,2019,6,FH,1,F,H
2,2019-06-04,2019,6,FW,158,F,W
2,2019-06-04,2019,6,MB,2,M,B
2,2019-06-04,2019,6,MW,79,M,W
3,2019-06-04,2019,6,FB,37,F,B
3,2019-06-04,2019,6,FW,125,F,W
3,2019-06-04,2019,6,MB,22,M,B
3,2019-06-04,2019,6,MW,73,M,W
4,2019-06-04,2019,6,FB,9,F,B
4,2019-06-04,2019,6,FW,124,F,W
4,2019-06-04,2019,6,MB,2,M,B
4,2019-06-04,2019,6,MH,1,M,H
4,2019-06-04,2019,6,MW,57,M,W
1,2019-06-05,2019,6,FB,49,F,B
1,2019-06-05,2019,6,FW,79,F,W
1,2019-06-05,2019,6,MA,1,M,A
1,2019-06-05,2019,6,MB,31,M,B
1,2019-06-05,2019,6,MW,65,M,W
2,2019-06-05,2019,6,FA,1,F,A
2,2019-06-05,2019,6,FB,12,F,B
2,2019-06-05,2019,6,FH,1,F,H
2,2019-06-05,2019,6,FW,157,F,W
2,2019-06-05,2019,6,MB,2,M,B
2,2019-06-05,2019,6,MW,79,M,W
3,2019-06-05,2019,6,FB,37,F,B
3,2019-06-05,2019,6,FW,125,F,W
3,2019-06-05,2019,6,MB,22,M,B
3,2019-06-05,2019,6,MW,72,M,W
4,2019-06-05,2019,6,FB,9,F,B
4,2019-06-05,2019,6,FW,123,F,W
4,2019-06-05,2019,6,MB,2,M,B
4,2019-06-05,2019,6,MH,1,M,H
4,2019-06-05,2019,6,MW,56,M,W
1,2019-06-06,2019,6,FB,49,F,B
1,2019-06-06,2019,6,FW,79,F,W
1,2019-06-06,2019,6,MA,1,M,A
1,2019-06-06,2019,6,MB,31,M,B
1,2019-06-06,2019,6,MW,65,M,W
2,2019-06-06,2019,6,FA,1,F,A
2,2019-06-06,2019,6,FB,12,F,B
2,2019-06-06,2019,6,FH,1,F,H
2,2019-06-06,2019,6,FW,157,F,W
2,2019-06-06,2019,6,MB,2,M,B
2,2019-06-06,2019,6,MW,79,M,W
3,2019-06-06,2019,6,FB,38,F,B
3,2019-06-06,2019,6,FW,126,F,W
3,2019-06-06,2019,6,MB,22,M,B
3,2019-06-06,2019,6,MW,72,M,W
4,2019-06-06,2019,6,FB,9,F,B
4,2019-06-06,2019,6,FW,123,F,W
4,2019-06-06,2019,6,MB,2,M,B
4,2019-06-06,2019,6,MH,1,M,H
4,2019-06-06,2019,6,MW,57,M,W
1,2019-06-10,2019,6,FB,49,F,B
1,2019-06-10,2019,6,FW,80,F,W
1,2019-06-10,2019,6,MA,1,M,A
1,2019-06-10,2019,6,MB,31,M,B
1,2019-06-10,2019,6,MW,65,M,W
2,2019-06-10,2019,6,FA,1,F,A
2,2019-06-10,2019,6,FB,12,F,B
2,2019-06-10,2019,6,FH,1,F,H
2,2019-06-10,2019,6,FW,156,F,W
2,2019-06-10,2019,6,MB,2,M,B
2,2019-06-10,2019,6,MW,79,M,W
3,2019-06-10,2019,6,FB,37,F,B
3,2019-06-10,2019,6,FW,126,F,W
3,2019-06-10,2019,6,MB,23,M,B
3,2019-06-10,2019,6,MW,70,M,W
4,2019-06-10,2019,6,FB,9,F,B
4,2019-06-10,2019,6,FW,127,F,W
4,2019-06-10,2019,6,MB,1,M,B
4,2019-06-10,2019,6,MH,1,M,H
4,2019-06-10,2019,6,MW,55,M,W
1,2019-06-11,2019,6,FB,49,F,B
1,2019-06-11,2019,6,FW,80,F,W
1,2019-06-11,2019,6,MA,1,M,A
1,2019-06-11,2019,6,MB,31,M,B
1,2019-06-11,2019,6,MW,65,M,W
2,2019-06-11,2019,6,FA,1,F,A
2,2019-06-11,2019,6,FB,11,F,B
2,2019-06-11,2019,6,FH,1,F,H
2,2019-06-11,2019,6,FW,156,F,W
2,2019-06-11,2019,6,MB,2,M,B
2,2019-06-11,2019,6,MW,79,M,W
3,2019-06-11,2019,6,FB,37,F,B
3,2019-06-11,2019,6,FW,126,F,W
3,2019-06-11,2019,6,MB,23,M,B
3,2019-06-11,2019,6,MW,69,M,W
4,2019-06-11,2019,6,FB,9,F,B
4,2019-06-11,2019,6,FW,126,F,W
4,2019-06-11,2019,6,MB,1,M,B
4,2019-06-11,2019,6,MH,1,M,H
4,2019-06-11,2019,6,MW,55,M,W
1,2019-06-12,2019,6,FB,49,F,B
1,2019-06-12,2019,6,FW,80,F,W
1,2019-06-12,2019,6,MA,1,M,A
1,2019-06-12,2019,6,MB,32,M,B
1,2019-06-12,2019,6,MW,65,M,W
2,2019-06-12,2019,6,FA,1,F,A
2,2019-06-12,2019,6,FB,11,F,B
2,2019-06-12,2019,6,FH,1,F,H
2,2019-06-12,2019,6,FW,156,F,W
2,2019-06-12,2019,6,MB,2,M,B
2,2019-06-12,2019,6,MW,79,M,W
3,2019-06-12,2019,6,FB,37,F,B
3,2019-06-12,2019,6,FW,126,F,W
3,2019-06-12,2019,6,MB,24,M,B
3,2019-06-12,2019,6,MW,69,M,W
4,2019-06-12,2019,6,FB,9,F,B
4,2019-06-12,2019,6,FW,126,F,W
4,2019-06-12,2019,6,MB,1,M,B
4,2019-06-12,2019,6,MH,1,M,H
4,2019-06-12,2019,6,MW,55,M,W
1,2019-06-13,2019,6,FB,49,F,B
1,2019-06-13,2019,6,FW,80,F,W
1,2019-06-13,2019,6,MA,1,M,A
1,2019-06-13,2019,6,MB,32,M,B
1,2019-06-13,2019,6,MW,65,M,W
2,2019-06-13,2019,6,FA,1,F,A
2,2019-06-13,2019,6,FB,10,F,B
2,2019-06-13,2019,6,FH,1,F,H
2,2019-06-13,2019,6,FW,156,F,W
2,2019-06-13,2019,6,MB,2,M,B
2,2019-06-13,2019,6,MW,79,M,W
3,2019-06-13,2019,6,FB,36,F,B
3,2019-06-13,2019,6,FW,126,F,W
3,2019-06-13,2019,6,MB,25,M,B
3,2019-06-13,2019,6,MW,68,M,W
4,2019-06-13,2019,6,FB,9,F,B
4,2019-06-13,2019,6,FW,125,F,W
4,2019-06-13,2019,6,MB,1,M,B
4,2019-06-13,2019,6,MH,1,M,H
4,2019-06-13,2019,6,MW,55,M,W
1,2019-06-17,2019,6,FB,50,F,B
1,2019-06-17,2019,6,FW,80,F,W
1,2019-06-17,2019,6,MA,1,M,A
1,2019-06-17,2019,6,MB,31,M,B
1,2019-06-17,2019,6,MW,65,M,W
2,2019-06-17,2019,6,FA,1,F,A
2,2019-06-17,2019,6,FB,10,F,B
2,2019-06-17,2019,6,FH,1,F,H
2,2019-06-17,2019,6,FW,155,F,W
2,2019-06-17,2019,6,MB,2,M,B
2,2019-06-17,2019,6,MW,78,M,W
3,2019-06-17,2019,6,FB,37,F,B
3,2019-06-17,2019,6,FW,125,F,W
3,2019-06-17,2019,6,MB,24,M,B
3,2019-06-17,2019,6,MW,68,M,W
4,2019-06-17,2019,6,FB,9,F,B
4,2019-06-17,2019,6,FW,126,F,W
4,2019-06-17,2019,6,MB,1,M,B
4,2019-06-17,2019,6,MH,1,M,H
4,2019-06-17,2019,6,MW,55,M,W
1,2019-06-18,2019,6,FB,50,F,B
1,2019-06-18,2019,6,FW,80,F,W
1,2019-06-18,2019,6,MA,1,M,A
1,2019-06-18,2019,6,MB,32,M,B
1,2019-06-18,2019,6,MW,64,M,W
2,2019-06-18,2019,6,FA,1,F,A
2,2019-06-18,2019,6,FB,10,F,B
2,2019-06-18,2019,6,FH,1,F,H
2,2019-06-18,2019,6,FW,156,F,W
2,2019-06-18,2019,6,MB,2,M,B
2,2019-06-18,2019,6,MW,78,M,W
3,2019-06-18,2019,6,FB,38,F,B
3,2019-06-18,2019,6,FW,125,F,W
3,2019-06-18,2019,6,MB,25,M,B
3,2019-06-18,2019,6,MW,67,M,W
4,2019-06-18,2019,6,FB,9,F,B
4,2019-06-18,2019,6,FW,126,F,W
4,2019-06-18,2019,6,MB,1,M,B
4,2019-06-18,2019,6,MH,1,M,H
4,2019-06-18,2019,6,MW,55,M,W
1,2019-06-19,2019,6,FB,50,F,B
1,2019-06-19,2019,6,FW,80,F,W
1,2019-06-19,2019,6,MA,1,M,A
1,2019-06-19,2019,6,MB,32,M,B
1,2019-06-19,2019,6,MW,64,M,W
2,2019-06-19,2019,6,FA,1,F,A
2,2019-06-19,2019,6,FB,10,F,B
2,2019-06-19,2019,6,FH,1,F,H
2,2019-06-19,2019,6,FW,156,F,W
2,2019-06-19,2019,6,MB,2,M,B
2,2019-06-19,2019,6,MW,79,M,W
3,2019-06-19,2019,6,FB,38,F,B
3,2019-06-19,2019,6,FW,125,F,W
3,2019-06-19,2019,6,MB,25,M,B
3,2019-06-19,2019,6,MW,68,M,W
4,2019-06-19,2019,6,FB,9,F,B
4,2019-06-19,2019,6,FW,126,F,W
4,2019-06-19,2019,6,MB,1,M,B
4,2019-06-19,2019,6,MH,1,M,H
4,2019-06-19,2019,6,MW,55,M,W
1,2019-06-21,2019,6,FB,50,F,B
1,2019-06-21,2019,6,FW,80,F,W
1,2019-06-21,2019,6,MA,1,M,A
1,2019-06-21,2019,6,MB,32,M,B
1,2019-06-21,2019,6,MW,64,M,W
2,2019-06-21,2019,6,FA,1,F,A
2,2019-06-21,2019,6,FB,10,F,B
2,2019-06-21,2019,6,FH,1,F,H
2,2019-06-21,2019,6,FW,153,F,W
2,2019-06-21,2019,6,MB,2,M,B
2,2019-06-21,2019,6,MW,79,M,W
3,2019-06-21,2019,6,FB,37,F,B
3,2019-06-21,2019,6,FW,124,F,W
3,2019-06-21,2019,6,MB,24,M,B
3,2019-06-21,2019,6,MW,70,M,W
4,2019-06-21,2019,6,FB,9,F,B
4,2019-06-21,2019,6,FW,127,F,W
4,2019-06-21,2019,6,MB,1,M,B
4,2019-06-21,2019,6,MH,1,M,H
4,2019-06-21,2019,6,MW,54,M,W
1,2019-06-24,2019,6,FB,50,F,B
1,2019-06-24,2019,6,FW,80,F,W
1,2019-06-24,2019,6,MA,1,M,A
1,2019-06-24,2019,6,MB,32,M,B
1,2019-06-24,2019,6,MW,64,M,W
2,2019-06-24,2019,6,FA,1,F,A
2,2019-06-24,2019,6,FB,10,F,B
2,2019-06-24,2019,6,FH,1,F,H
2,2019-06-24,2019,6,FW,154,F,W
2,2019-06-24,2019,6,MB,2,M,B
2,2019-06-24,2019,6,MW,78,M,W
3,2019-06-24,2019,6,FB,38,F,B
3,2019-06-24,2019,6,FW,123,F,W
3,2019-06-24,2019,6,MB,23,M,B
3,2019-06-24,2019,6,MW,70,M,W
4,2019-06-24,2019,6,FB,9,F,B
4,2019-06-24,2019,6,FW,127,F,W
4,2019-06-24,2019,6,MB,1,M,B
4,2019-06-24,2019,6,MH,1,M,H
4,2019-06-24,2019,6,MW,55,M,W
1,2019-06-26,2019,6,FB,50,F,B
1,2019-06-26,2019,6,FW,80,F,W
1,2019-06-26,2019,6,MA,1,M,A
1,2019-06-26,2019,6,MB,32,M,B
1,2019-06-26,2019,6,MW,64,M,W
2,2019-06-26,2019,6,FA,1,F,A
2,2019-06-26,2019,6,FB,10,F,B
2,2019-06-26,2019,6,FH,1,F,H
2,2019-06-26,2019,6,FW,154,F,W
2,2019-06-26,2019,6,MB,2,M,B
2,2019-06-26,2019,6,MW,80,M,W
3,2019-06-26,2019,6,FB,38,F,B
3,2019-06-26,2019,6,FW,122,F,W
3,2019-06-26,2019,6,MB,23,M,B
3,2019-06-26,2019,6,MW,68,M,W
4,2019-06-26,2019,6,FB,9,F,B
4,2019-06-26,2019,6,FW,127,F,W
4,2019-06-26,2019,6,MB,1,M,B
4,2019-06-26,2019,6,MH,1,M,H
4,2019-06-26,2019,6,MW,57,M,W
1,2019-06-27,2019,6,FB,50,F,B
1,2019-06-27,2019,6,FW,80,F,W
1,2019-06-27,2019,6,MA,1,M,A
1,2019-06-27,2019,6,MB,32,M,B
1,2019-06-27,2019,6,MW,64,M,W
2,2019-06-27,2019,6,FA,1,F,A
2,2019-06-27,2019,6,FB,10,F,B
2,2019-06-27,2019,6,FH,1,F,H
2,2019-06-27,2019,6,FW,153,F,W
2,2019-06-27,2019,6,MB,2,M,B
2,2019-06-27,2019,6,MW,80,M,W
3,2019-06-27,2019,6,FB,38,F,B
3,2019-06-27,2019,6,FW,122,F,W
3,2019-06-27,2019,6,MB,23,M,B
3,2019-06-27,2019,6,MW,69,M,W
4,2019-06-27,2019,6,FB,9,F,B
4,2019-06-27,2019,6,FW,127,F,W
4,2019-06-27,2019,6,MB,1,M,B
4,2019-06-27,2019,6,MH,1,M,H
4,2019-06-27,2019,6,MW,57,M,W
1,2019-06-28,2019,6,FB,50,F,B
1,2019-06-28,2019,6,FW,80,F,W
1,2019-06-28,2019,6,MA,1,M,A
1,2019-06-28,2019,6,MB,32,M,B
1,2019-06-28,2019,6,MW,64,M,W
2,2019-06-28,2019,6,FA,1,F,A
2,2019-06-28,2019,6,FB,10,F,B
2,2019-06-28,2019,6,FH,1,F,H
2,2019-06-28,2019,6,FW,154,F,W
2,2019-06-28,2019,6,MB,2,M,B
2,2019-06-28,2019,6,MW,79,M,W
3,2019-06-28,2019,6,FB,38,F,B
3,2019-06-28,2019,6,FW,123,F,W
3,2019-06-28,2019,6,MB,23,M,B
3,2019-06-28,2019,6,MW,71,M,W
4,2019-06-28,2019,6,FB,9,F,B
4,2019-06-28,2019,6,FW,127,F,W
4,2019-06-28,2019,6,MB,1,M,B
4,2019-06-28,2019,6,MH,1,M,H
4,2019-06-28,2019,6,MW,57,M,W
1,2019-07-01,2019,7,FB,50,F,B
1,2019-07-01,2019,7,FW,80,F,W
1,2019-07-01,2019,7,MA,1,M,A
1,2019-07-01,2019,7,MB,32,M,B
1,2019-07-01,2019,7,MW,64,M,W
2,2019-07-01,2019,7,FA,1,F,A
2,2019-07-01,2019,7,FB,10,F,B
2,2019-07-01,2019,7,FH,1,F,H
2,2019-07-01,2019,7,FW,154,F,W
2,2019-07-01,2019,7,MB,2,M,B
2,2019-07-01,2019,7,MW,79,M,W
3,2019-07-01,2019,7,FB,38,F,B
3,2019-07-01,2019,7,FW,123,F,W
3,2019-07-01,2019,7,MB,23,M,B
3,2019-07-01,2019,7,MW,71,M,W
4,2019-07-01,2019,7,FB,9,F,B
4,2019-07-01,2019,7,FW,127,F,W
4,2019-07-01,2019,7,MB,1,M,B
4,2019-07-01,2019,7,MH,1,M,H
4,2019-07-01,2019,7,MW,57,M,W
1,2019-07-02,2019,7,FB,50,F,B
1,2019-07-02,2019,7,FW,80,F,W
1,2019-07-02,2019,7,MA,1,M,A
1,2019-07-02,2019,7,MB,32,M,B
1,2019-07-02,2019,7,MW,64,M,W
2,2019-07-02,2019,7,FA,1,F,A
2,2019-07-02,2019,7,FB,10,F,B
2,2019-07-02,2019,7,FH,1,F,H
2,2019-07-02,2019,7,FW,155,F,W
2,2019-07-02,2019,7,MB,2,M,B
2,2019-07-02,2019,7,MW,80,M,W
3,2019-07-02,2019,7,FB,38,F,B
3,2019-07-02,2019,7,FW,122,F,W
3,2019-07-02,2019,7,MB,23,M,B
3,2019-07-02,2019,7,MW,71,M,W
4,2019-07-02,2019,7,FB,9,F,B
4,2019-07-02,2019,7,FW,127,F,W
4,2019-07-02,2019,7,MB,1,M,B
4,2019-07-02,2019,7,MH,1,M,H
4,2019-07-02,2019,7,MW,56,M,W
1,2019-07-03,2019,7,FB,50,F,B
1,2019-07-03,2019,7,FW,80,F,W
1,2019-07-03,2019,7,MA,1,M,A
1,2019-07-03,2019,7,MB,33,M,B
1,2019-07-03,2019,7,MW,66,M,W
2,2019-07-03,2019,7,FA,1,F,A
2,2019-07-03,2019,7,FB,10,F,B
2,2019-07-03,2019,7,FH,1,F,H
2,2019-07-03,2019,7,FW,154,F,W
2,2019-07-03,2019,7,MB,2,M,B
2,2019-07-03,2019,7,MW,81,M,W
3,2019-07-03,2019,7,FB,38,F,B
3,2019-07-03,2019,7,FW,122,F,W
3,2019-07-03,2019,7,MB,23,M,B
3,2019-07-03,2019,7,MW,71,M,W
4,2019-07-03,2019,7,FB,9,F,B
4,2019-07-03,2019,7,FW,127,F,W
4,2019-07-03,2019,7,MB,1,M,B
4,2019-07-03,2019,7,MH,1,M,H
4,2019-07-03,2019,7,MW,56,M,W
1,2019-07-09,2019,7,FB,50,F,B
1,2019-07-09,2019,7,FW,80,F,W
1,2019-07-09,2019,7,MA,1,M,A
1,2019-07-09,2019,7,MB,33,M,B
1,2019-07-09,2019,7,MW,65,M,W
2,2019-07-09,2019,7,FA,1,F,A
2,2019-07-09,2019,7,FB,10,F,B
2,2019-07-09,2019,7,FH,1,F,H
2,2019-07-09,2019,7,FW,152,F,W
2,2019-07-09,2019,7,MB,2,M,B
2,2019-07-09,2019,7,MW,80,M,W
3,2019-07-09,2019,7,FB,39,F,B
3,2019-07-09,2019,7,FW,120,F,W
3,2019-07-09,2019,7,MB,23,M,B
3,2019-07-09,2019,7,MW,70,M,W
4,2019-07-09,2019,7,FB,9,F,B
4,2019-07-09,2019,7,FW,128,F,W
4,2019-07-09,2019,7,MB,1,M,B
4,2019-07-09,2019,7,MH,1,M,H
4,2019-07-09,2019,7,MW,54,M,W
1,2019-07-10,2019,7,FB,50,F,B
1,2019-07-10,2019,7,FW,80,F,W
1,2019-07-10,2019,7,MA,1,M,A
1,2019-07-10,2019,7,MB,33,M,B
1,2019-07-10,2019,7,MW,65,M,W
2,2019-07-10,2019,7,FA,1,F,A
2,2019-07-10,2019,7,FB,10,F,B
2,2019-07-10,2019,7,FH,1,F,H
2,2019-07-10,2019,7,FW,152,F,W
2,2019-07-10,2019,7,MB,2,M,B
2,2019-07-10,2019,7,MW,80,M,W
3,2019-07-10,2019,7,FB,39,F,B
3,2019-07-10,2019,7,FW,120,F,W
3,2019-07-10,2019,7,MB,23,M,B
3,2019-07-10,2019,7,MW,70,M,W
4,2019-07-10,2019,7,FB,9,F,B
4,2019-07-10,2019,7,FW,128,F,W
4,2019-07-10,2019,7,MB,1,M,B
4,2019-07-10,2019,7,MH,1,M,H
4,2019-07-10,2019,7,MW,54,M,W
1,2019-07-11,2019,7,FB,50,F,B
1,2019-07-11,2019,7,FW,80,F,W
1,2019-07-11,2019,7,MA,1,M,A
1,2019-07-11,2019,7,MB,33,M,B
1,2019-07-11,2019,7,MW,64,M,W
2,2019-07-11,2019,7,FA,1,F,A
2,2019-07-11,2019,7,FB,10,F,B
2,2019-07-11,2019,7,FH,1,F,H
2,2019-07-11,2019,7,FW,155,F,W
2,2019-07-11,2019,7,MB,2,M,B
2,2019-07-11,2019,7,MW,81,M,W
3,2019-07-11,2019,7,FB,40,F,B
3,2019-07-11,2019,7,FW,121,F,W
3,2019-07-11,2019,7,MB,23,M,B
3,2019-07-11,2019,7,MW,69,M,W
4,2019-07-11,2019,7,FB,9,F,B
4,2019-07-11,2019,7,FW,127,F,W
4,2019-07-11,2019,7,MB,1,M,B
4,2019-07-11,2019,7,MH,1,M,H
4,2019-07-11,2019,7,MW,54,M,W
1,2019-07-12,2019,7,FB,50,F,B
1,2019-07-12,2019,7,FW,80,F,W
1,2019-07-12,2019,7,MA,1,M,A
1,2019-07-12,2019,7,MB,33,M,B
1,2019-07-12,2019,7,MW,65,M,W
2,2019-07-12,2019,7,FA,1,F,A
2,2019-07-12,2019,7,FB,10,F,B
2,2019-07-12,2019,7,FH,1,F,H
2,2019-07-12,2019,7,FW,156,F,W
2,2019-07-12,2019,7,MB,2,M,B
2,2019-07-12,2019,7,MW,81,M,W
3,2019-07-12,2019,7,FB,40,F,B
3,2019-07-12,2019,7,FW,121,F,W
3,2019-07-12,2019,7,MB,22,M,B
3,2019-07-12,2019,7,MW,69,M,W
4,2019-07-12,2019,7,FB,9,F,B
4,2019-07-12,2019,7,FW,126,F,W
4,2019-07-12,2019,7,MB,1,M,B
4,2019-07-12,2019,7,MH,1,M,H
4,2019-07-12,2019,7,MW,55,M,W
1,2019-07-15,2019,7,FB,50,F,B
1,2019-07-15,2019,7,FW,80,F,W
1,2019-07-15,2019,7,MA,1,M,A
1,2019-07-15,2019,7,MB,33,M,B
1,2019-07-15,2019,7,MW,65,M,W
2,2019-07-15,2019,7,FA,1,F,A
2,2019-07-15,2019,7,FB,10,F,B
2,2019-07-15,2019,7,FH,1,F,H
2,2019-07-15,2019,7,FW,154,F,W
2,2019-07-15,2019,7,MB,2,M,B
2,2019-07-15,2019,7,MW,79,M,W
3,2019-07-15,2019,7,FB,41,F,B
3,2019-07-15,2019,7,FW,122,F,W
3,2019-07-15,2019,7,MB,22,M,B
3,2019-07-15,2019,7,MW,67,M,W
4,2019-07-15,2019,7,FB,9,F,B
4,2019-07-15,2019,7,FW,124,F,W
4,2019-07-15,2019,7,MB,1,M,B
4,2019-07-15,2019,7,MH,1,M,H
4,2019-07-15,2019,7,MW,54,M,W
1,2019-07-17,2019,7,FB,50,F,B
1,2019-07-17,2019,7,FW,80,F,W
1,2019-07-17,2019,7,MA,1,M,A
1,2019-07-17,2019,7,MB,33,M,B
1,2019-07-17,2019,7,MW,64,M,W
2,2019-07-17,2019,7,FA,1,F,A
2,2019-07-17,2019,7,FB,10,F,B
2,2019-07-17,2019,7,FH,1,F,H
2,2019-07-17,2019,7,FW,158,F,W
2,2019-07-17,2019,7,MB,2,M,B
2,2019-07-17,2019,7,MW,80,M,W
3,2019-07-17,2019,7,FB,41,F,B
3,2019-07-17,2019,7,FW,122,F,W
3,2019-07-17,2019,7,MB,22,M,B
3,2019-07-17,2019,7,MW,69,M,W
4,2019-07-17,2019,7,FB,9,F,B
4,2019-07-17,2019,7,FW,123,F,W
4,2019-07-17,2019,7,MB,1,M,B
4,2019-07-17,2019,7,MH,1,M,H
4,2019-07-17,2019,7,MW,54,M,W
1,2019-07-18,2019,7,FB,50,F,B
1,2019-07-18,2019,7,FW,80,F,W
1,2019-07-18,2019,7,MA,1,M,A
1,2019-07-18,2019,7,MB,33,M,B
1,2019-07-18,2019,7,MW,63,M,W
2,2019-07-18,2019,7,FA,1,F,A
2,2019-07-18,2019,7,FB,10,F,B
2,2019-07-18,2019,7,FH,1,F,H
2,2019-07-18,2019,7,FW,159,F,W
2,2019-07-18,2019,7,MB,2,M,B
2,2019-07-18,2019,7,MW,79,M,W
3,2019-07-18,2019,7,FB,40,F,B
3,2019-07-18,2019,7,FW,126,F,W
3,2019-07-18,2019,7,MB,22,M,B
3,2019-07-18,2019,7,MW,70,M,W
4,2019-07-18,2019,7,FB,9,F,B
4,2019-07-18,2019,7,FW,124,F,W
4,2019-07-18,2019,7,MB,1,M,B
4,2019-07-18,2019,7,MH,1,M,H
4,2019-07-18,2019,7,MW,54,M,W
1,2019-07-19,2019,7,FB,50,F,B
1,2019-07-19,2019,7,FW,79,F,W
1,2019-07-19,2019,7,MA,1,M,A
1,2019-07-19,2019,7,MB,33,M,B
1,2019-07-19,2019,7,MW,63,M,W
2,2019-07-19,2019,7,FA,1,F,A
2,2019-07-19,2019,7,FB,10,F,B
2,2019-07-19,2019,7,FH,1,F,H
2,2019-07-19,2019,7,FW,159,F,W
2,2019-07-19,2019,7,MB,2,M,B
2,2019-07-19,2019,7,MW,79,M,W
3,2019-07-19,2019,7,FB,40,F,B
3,2019-07-19,2019,7,FW,126,F,W
3,2019-07-19,2019,7,MB,22,M,B
3,2019-07-19,2019,7,MW,71,M,W
4,2019-07-19,2019,7,FB,9,F,B
4,2019-07-19,2019,7,FW,124,F,W
4,2019-07-19,2019,7,MB,1,M,B
4,2019-07-19,2019,7,MH,1,M,H
4,2019-07-19,2019,7,MW,54,M,W
1,2019-07-22,2019,7,FB,50,F,B
1,2019-07-22,2019,7,FW,79,F,W
1,2019-07-22,2019,7,MA,1,M,A
1,2019-07-22,2019,7,MB,33,M,B
1,2019-07-22,2019,7,MW,62,M,W
2,2019-07-22,2019,7,FA,1,F,A
2,2019-07-22,2019,7,FB,10,F,B
2,2019-07-22,2019,7,FH,1,F,H
2,2019-07-22,2019,7,FW,159,F,W
2,2019-07-22,2019,7,MB,2,M,B
2,2019-07-22,2019,7,MW,79,M,W
3,2019-07-22,2019,7,FB,40,F,B
3,2019-07-22,2019,7,FW,129,F,W
3,2019-07-22,2019,7,MB,22,M,B
3,2019-07-22,2019,7,MW,71,M,W
4,2019-07-22,2019,7,FB,9,F,B
4,2019-07-22,2019,7,FW,125,F,W
4,2019-07-22,2019,7,MB,1,M,B
4,2019-07-22,2019,7,MH,1,M,H
4,2019-07-22,2019,7,MW,54,M,W
1,2019-07-23,2019,7,FB,52,F,B
1,2019-07-23,2019,7,FW,80,F,W
1,2019-07-23,2019,7,MA,1,M,A
1,2019-07-23,2019,7,MB,35,M,B
1,2019-07-23,2019,7,MW,63,M,W
2,2019-07-23,2019,7,FA,1,F,A
2,2019-07-23,2019,7,FB,10,F,B
2,2019-07-23,2019,7,FH,1,F,H
2,2019-07-23,2019,7,FW,158,F,W
2,2019-07-23,2019,7,MB,2,M,B
2,2019-07-23,2019,7,MW,79,M,W
3,2019-07-23,2019,7,FB,38,F,B
3,2019-07-23,2019,7,FW,129,F,W
3,2019-07-23,2019,7,MB,21,M,B
3,2019-07-23,2019,7,MW,70,M,W
4,2019-07-23,2019,7,FB,9,F,B
4,2019-07-23,2019,7,FW,126,F,W
4,2019-07-23,2019,7,MB,1,M,B
4,2019-07-23,2019,7,MH,1,M,H
4,2019-07-23,2019,7,MW,54,M,W
1,2019-07-24,2019,7,FB,52,F,B
1,2019-07-24,2019,7,FW,81,F,W
1,2019-07-24,2019,7,MA,1,M,A
1,2019-07-24,2019,7,MB,35,M,B
1,2019-07-24,2019,7,MW,63,M,W
2,2019-07-24,2019,7,FA,1,F,A
2,2019-07-24,2019,7,FB,10,F,B
2,2019-07-24,2019,7,FH,1,F,H
2,2019-07-24,2019,7,FW,158,F,W
2,2019-07-24,2019,7,MB,2,M,B
2,2019-07-24,2019,7,MW,80,M,W
3,2019-07-24,2019,7,FB,38,F,B
3,2019-07-24,2019,7,FW,130,F,W
3,2019-07-24,2019,7,MB,21,M,B
3,2019-07-24,2019,7,MW,72,M,W
4,2019-07-24,2019,7,FB,9,F,B
4,2019-07-24,2019,7,FW,127,F,W
4,2019-07-24,2019,7,MB,1,M,B
4,2019-07-24,2019,7,MH,1,M,H
4,2019-07-24,2019,7,MW,54,M,W
1,2019-07-25,2019,7,FB,52,F,B
1,2019-07-25,2019,7,FW,81,F,W
1,2019-07-25,2019,7,MA,1,M,A
1,2019-07-25,2019,7,MB,35,M,B
1,2019-07-25,2019,7,MW,63,M,W
2,2019-07-25,2019,7,FA,1,F,A
2,2019-07-25,2019,7,FB,10,F,B
2,2019-07-25,2019,7,FH,1,F,H
2,2019-07-25,2019,7,FW,156,F,W
2,2019-07-25,2019,7,MB,2,M,B
2,2019-07-25,2019,7,MW,82,M,W
3,2019-07-25,2019,7,FB,38,F,B
3,2019-07-25,2019,7,FW,130,F,W
3,2019-07-25,2019,7,MB,21,M,B
3,2019-07-25,2019,7,MW,73,M,W
4,2019-07-25,2019,7,FB,9,F,B
4,2019-07-25,2019,7,FW,128,F,W
4,2019-07-25,2019,7,MB,1,M,B
4,2019-07-25,2019,7,MH,1,M,H
4,2019-07-25,2019,7,MW,53,M,W
1,2019-07-26,2019,7,FB,52,F,B
1,2019-07-26,2019,7,FW,81,F,W
1,2019-07-26,2019,7,MA,1,M,A
1,2019-07-26,2019,7,MB,35,M,B
1,2019-07-26,2019,7,MW,63,M,W
2,2019-07-26,2019,7,FA,1,F,A
2,2019-07-26,2019,7,FB,10,F,B
2,2019-07-26,2019,7,FH,1,F,H
2,2019-07-26,2019,7,FW,155,F,W
2,2019-07-26,2019,7,MB,3,M,B
2,2019-07-26,2019,7,MW,82,M,W
3,2019-07-26,2019,7,FB,38,F,B
3,2019-07-26,2019,7,FW,127,F,W
3,2019-07-26,2019,7,MB,21,M,B
3,2019-07-26,2019,7,MW,73,M,W
4,2019-07-26,2019,7,FB,9,F,B
4,2019-07-26,2019,7,FW,127,F,W
4,2019-07-26,2019,7,MB,1,M,B
4,2019-07-26,2019,7,MH,1,M,H
4,2019-07-26,2019,7,MW,53,M,W
1,2019-07-29,2019,7,FB,52,F,B
1,2019-07-29,2019,7,FW,81,F,W
1,2019-07-29,2019,7,MA,1,M,A
1,2019-07-29,2019,7,MB,35,M,B
1,2019-07-29,2019,7,MW,63,M,W
2,2019-07-29,2019,7,FA,1,F,A
2,2019-07-29,2019,7,FB,10,F,B
2,2019-07-29,2019,7,FH,1,F,H
2,2019-07-29,2019,7,FW,155,F,W
2,2019-07-29,2019,7,MB,3,M,B
2,2019-07-29,2019,7,MW,82,M,W
3,2019-07-29,2019,7,FB,38,F,B
3,2019-07-29,2019,7,FW,127,F,W
3,2019-07-29,2019,7,MB,21,M,B
3,2019-07-29,2019,7,MW,73,M,W
4,2019-07-29,2019,7,FB,9,F,B
4,2019-07-29,2019,7,FW,127,F,W
4,2019-07-29,2019,7,MB,1,M,B
4,2019-07-29,2019,7,MH,1,M,H
4,2019-07-29,2019,7,MW,53,M,W
1,2019-07-30,2019,7,FB,52,F,B
1,2019-07-30,2019,7,FW,81,F,W
1,2019-07-30,2019,7,MA,1,M,A
1,2019-07-30,2019,7,MB,36,M,B
1,2019-07-30,2019,7,MW,63,M,W
2,2019-07-30,2019,7,FA,1,F,A
2,2019-07-30,2019,7,FB,10,F,B
2,2019-07-30,2019,7,FH,1,F,H
2,2019-07-30,2019,7,FW,155,F,W
2,2019-07-30,2019,7,MB,3,M,B
2,2019-07-30,2019,7,MW,80,M,W
3,2019-07-30,2019,7,FB,38,F,B
3,2019-07-30,2019,7,FW,126,F,W
3,2019-07-30,2019,7,MB,20,M,B
3,2019-07-30,2019,7,MW,71,M,W
4,2019-07-30,2019,7,FB,9,F,B
4,2019-07-30,2019,7,FW,125,F,W
4,2019-07-30,2019,7,MB,1,M,B
4,2019-07-30,2019,7,MH,1,M,H
4,2019-07-30,2019,7,MW,53,M,W
1,2019-07-31,2019,7,FB,52,F,B
1,2019-07-31,2019,7,FW,81,F,W
1,2019-07-31,2019,7,MA,1,M,A
1,2019-07-31,2019,7,MB,36,M,B
1,2019-07-31,2019,7,MW,63,M,W
2,2019-07-31,2019,7,FA,1,F,A
2,2019-07-31,2019,7,FB,10,F,B
2,2019-07-31,2019,7,FH,1,F,H
2,2019-07-31,2019,7,FW,155,F,W
2,2019-07-31,2019,7,MB,3,M,B
2,2019-07-31,2019,7,MW,80,M,W
3,2019-07-31,2019,7,FB,38,F,B
3,2019-07-31,2019,7,FW,126,F,W
3,2019-07-31,2019,7,MB,20,M,B
3,2019-07-31,2019,7,MW,70,M,W
4,2019-07-31,2019,7,FB,9,F,B
4,2019-07-31,2019,7,FW,124,F,W
4,2019-07-31,2019,7,MB,1,M,B
4,2019-07-31,2019,7,MH,1,M,H
4,2019-07-31,2019,7,MW,53,M,W
1,2019-08-01,2019,8,FB,52,F,B
1,2019-08-01,2019,8,FW,81,F,W
1,2019-08-01,2019,8,MA,1,M,A
1,2019-08-01,2019,8,MB,36,M,B
1,2019-08-01,2019,8,MW,63,M,W
2,2019-08-01,2019,8,FA,1,F,A
2,2019-08-01,2019,8,FB,10,F,B
2,2019-08-01,2019,8,FH,1,F,H
2,2019-08-01,2019,8,FW,156,F,W
2,2019-08-01,2019,8,MB,3,M,B
2,2019-08-01,2019,8,MW,79,M,W
3,2019-08-01,2019,8,FB,37,F,B
3,2019-08-01,2019,8,FW,126,F,W
3,2019-08-01,2019,8,MB,21,M,B
3,2019-08-01,2019,8,MW,69,M,W
4,2019-08-01,2019,8,FB,9,F,B
4,2019-08-01,2019,8,FW,125,F,W
4,2019-08-01,2019,8,MB,1,M,B
4,2019-08-01,2019,8,MH,1,M,H
4,2019-08-01,2019,8,MW,53,M,W
1,2019-08-02,2019,8,FB,52,F,B
1,2019-08-02,2019,8,FW,81,F,W
1,2019-08-02,2019,8,MA,1,M,A
1,2019-08-02,2019,8,MB,36,M,B
1,2019-08-02,2019,8,MW,63,M,W
2,2019-08-02,2019,8,FA,1,F,A
2,2019-08-02,2019,8,FB,10,F,B
2,2019-08-02,2019,8,FH,1,F,H
2,2019-08-02,2019,8,FW,156,F,W
2,2019-08-02,2019,8,MB,3,M,B
2,2019-08-02,2019,8,MW,80,M,W
3,2019-08-02,2019,8,FB,39,F,B
3,2019-08-02,2019,8,FW,127,F,W
3,2019-08-02,2019,8,MB,21,M,B
3,2019-08-02,2019,8,MW,69,M,W
4,2019-08-02,2019,8,FB,9,F,B
4,2019-08-02,2019,8,FW,125,F,W
4,2019-08-02,2019,8,MB,1,M,B
4,2019-08-02,2019,8,MH,1,M,H
4,2019-08-02,2019,8,MW,54,M,W
1,2019-08-05,2019,8,FB,53,F,B
1,2019-08-05,2019,8,FW,81,F,W
1,2019-08-05,2019,8,MA,1,M,A
1,2019-08-05,2019,8,MB,36,M,B
1,2019-08-05,2019,8,MW,63,M,W
2,2019-08-05,2019,8,FA,1,F,A
2,2019-08-05,2019,8,FB,10,F,B
2,2019-08-05,2019,8,FH,1,F,H
2,2019-08-05,2019,8,FW,156,F,W
2,2019-08-05,2019,8,MB,3,M,B
2,2019-08-05,2019,8,MW,79,M,W
3,2019-08-05,2019,8,FB,41,F,B
3,2019-08-05,2019,8,FW,128,F,W
3,2019-08-05,2019,8,MB,21,M,B
3,2019-08-05,2019,8,MW,68,M,W
4,2019-08-05,2019,8,FB,9,F,B
4,2019-08-05,2019,8,FW,126,F,W
4,2019-08-05,2019,8,MB,1,M,B
4,2019-08-05,2019,8,MH,1,M,H
4,2019-08-05,2019,8,MW,55,M,W
1,2019-08-06,2019,8,FB,53,F,B
1,2019-08-06,2019,8,FW,81,F,W
1,2019-08-06,2019,8,MA,1,M,A
1,2019-08-06,2019,8,MB,36,M,B
1,2019-08-06,2019,8,MW,63,M,W
2,2019-08-06,2019,8,FA,1,F,A
2,2019-08-06,2019,8,FB,10,F,B
2,2019-08-06,2019,8,FH,1,F,H
2,2019-08-06,2019,8,FW,155,F,W
2,2019-08-06,2019,8,MB,3,M,B
2,2019-08-06,2019,8,MW,79,M,W
3,2019-08-06,2019,8,FB,40,F,B
3,2019-08-06,2019,8,FW,128,F,W
3,2019-08-06,2019,8,MB,21,M,B
3,2019-08-06,2019,8,MW,68,M,W
4,2019-08-06,2019,8,FB,9,F,B
4,2019-08-06,2019,8,FW,126,F,W
4,2019-08-06,2019,8,MB,1,M,B
4,2019-08-06,2019,8,MH,1,M,H
4,2019-08-06,2019,8,MW,54,M,W
1,2019-08-08,2019,8,FB,53,F,B
1,2019-08-08,2019,8,FW,81,F,W
1,2019-08-08,2019,8,MA,1,M,A
1,2019-08-08,2019,8,MB,36,M,B
1,2019-08-08,2019,8,MW,63,M,W
2,2019-08-08,2019,8,FA,1,F,A
2,2019-08-08,2019,8,FB,10,F,B
2,2019-08-08,2019,8,FH,1,F,H
2,2019-08-08,2019,8,FW,156,F,W
2,2019-08-08,2019,8,MB,3,M,B
2,2019-08-08,2019,8,MW,78,M,W
3,2019-08-08,2019,8,FB,40,F,B
3,2019-08-08,2019,8,FW,128,F,W
3,2019-08-08,2019,8,MB,21,M,B
3,2019-08-08,2019,8,MW,67,M,W
4,2019-08-08,2019,8,FB,9,F,B
4,2019-08-08,2019,8,FW,127,F,W
4,2019-08-08,2019,8,MB,1,M,B
4,2019-08-08,2019,8,MH,1,M,H
4,2019-08-08,2019,8,MW,54,M,W
1,2019-08-09,2019,8,FB,53,F,B
1,2019-08-09,2019,8,FW,81,F,W
1,2019-08-09,2019,8,MA,1,M,A
1,2019-08-09,2019,8,MB,36,M,B
1,2019-08-09,2019,8,MW,63,M,W
2,2019-08-09,2019,8,FA,1,F,A
2,2019-08-09,2019,8,FB,10,F,B
2,2019-08-09,2019,8,FH,1,F,H
2,2019-08-09,2019,8,FW,156,F,W
2,2019-08-09,2019,8,MB,3,M,B
2,2019-08-09,2019,8,MW,77,M,W
3,2019-08-09,2019,8,FB,39,F,B
3,2019-08-09,2019,8,FW,128,F,W
3,2019-08-09,2019,8,MB,21,M,B
3,2019-08-09,2019,8,MW,67,M,W
4,2019-08-09,2019,8,FB,9,F,B
4,2019-08-09,2019,8,FW,126,F,W
4,2019-08-09,2019,8,MB,2,M,B
4,2019-08-09,2019,8,MH,1,M,H
4,2019-08-09,2019,8,MW,54,M,W
1,2019-08-22,2019,8,FB,53,F,B
1,2019-08-22,2019,8,FW,82,F,W
1,2019-08-22,2019,8,MA,1,M,A
1,2019-08-22,2019,8,MB,35,M,B
1,2019-08-22,2019,8,MW,62,M,W
2,2019-08-22,2019,8,FA,1,F,A
2,2019-08-22,2019,8,FB,10,F,B
2,2019-08-22,2019,8,FH,1,F,H
2,2019-08-22,2019,8,FW,155,F,W
2,2019-08-22,2019,8,MB,2,M,B
2,2019-08-22,2019,8,MW,74,M,W
3,2019-08-22,2019,8,FB,42,F,B
3,2019-08-22,2019,8,FW,122,F,W
3,2019-08-22,2019,8,MB,23,M,B
3,2019-08-22,2019,8,MW,65,M,W
4,2019-08-22,2019,8,FB,9,F,B
4,2019-08-22,2019,8,FW,124,F,W
4,2019-08-22,2019,8,MB,2,M,B
4,2019-08-22,2019,8,MH,1,M,H
4,2019-08-22,2019,8,MW,54,M,W
1,2019-08-23,2019,8,FB,53,F,B
1,2019-08-23,2019,8,FW,82,F,W
1,2019-08-23,2019,8,MA,1,M,A
1,2019-08-23,2019,8,MB,35,M,B
1,2019-08-23,2019,8,MW,62,M,W
2,2019-08-23,2019,8,FA,1,F,A
2,2019-08-23,2019,8,FB,10,F,B
2,2019-08-23,2019,8,FH,1,F,H
2,2019-08-23,2019,8,FW,155,F,W
2,2019-08-23,2019,8,MB,2,M,B
2,2019-08-23,2019,8,MW,75,M,W
3,2019-08-23,2019,8,FB,42,F,B
3,2019-08-23,2019,8,FW,123,F,W
3,2019-08-23,2019,8,MB,22,M,B
3,2019-08-23,2019,8,MW,65,M,W
4,2019-08-23,2019,8,FB,9,F,B
4,2019-08-23,2019,8,FW,124,F,W
4,2019-08-23,2019,8,MB,2,M,B
4,2019-08-23,2019,8,MH,1,M,H
4,2019-08-23,2019,8,MW,54,M,W
1,2019-08-30,2019,8,FB,52,F,B
1,2019-08-30,2019,8,FW,82,F,W
1,2019-08-30,2019,8,MA,1,M,A
1,2019-08-30,2019,8,MB,34,M,B
1,2019-08-30,2019,8,MW,62,M,W
2,2019-08-30,2019,8,FA,1,F,A
2,2019-08-30,2019,8,FB,10,F,B
2,2019-08-30,2019,8,FH,1,F,H
2,2019-08-30,2019,8,FW,159,F,W
2,2019-08-30,2019,8,MB,2,M,B
2,2019-08-30,2019,8,MW,77,M,W
3,2019-08-30,2019,8,FB,41,F,B
3,2019-08-30,2019,8,FW,123,F,W
3,2019-08-30,2019,8,MB,21,M,B
3,2019-08-30,2019,8,MW,67,M,W
4,2019-08-30,2019,8,FB,9,F,B
4,2019-08-30,2019,8,FW,126,F,W
4,2019-08-30,2019,8,MB,3,M,B
4,2019-08-30,2019,8,MH,1,M,H
4,2019-08-30,2019,8,MW,55,M,W
1,2019-09-03,2019,9,FB,51,F,B
1,2019-09-03,2019,9,FW,82,F,W
1,2019-09-03,2019,9,MA,1,M,A
1,2019-09-03,2019,9,MB,34,M,B
1,2019-09-03,2019,9,MW,59,M,W
2,2019-09-03,2019,9,FA,1,F,A
2,2019-09-03,2019,9,FB,10,F,B
2,2019-09-03,2019,9,FH,1,F,H
2,2019-09-03,2019,9,FW,161,F,W
2,2019-09-03,2019,9,MB,2,M,B
2,2019-09-03,2019,9,MW,79,M,W
3,2019-09-03,2019,9,FB,40,F,B
3,2019-09-03,2019,9,FW,123,F,W
3,2019-09-03,2019,9,MB,21,M,B
3,2019-09-03,2019,9,MW,66,M,W
4,2019-09-03,2019,9,FB,9,F,B
4,2019-09-03,2019,9,FW,126,F,W
4,2019-09-03,2019,9,MB,2,M,B
4,2019-09-03,2019,9,MH,1,M,H
4,2019-09-03,2019,9,MW,53,M,W
1,2019-09-04,2019,9,FB,51,F,B
1,2019-09-04,2019,9,FW,82,F,W
1,2019-09-04,2019,9,MA,1,M,A
1,2019-09-04,2019,9,MB,34,M,B
1,2019-09-04,2019,9,MW,59,M,W
2,2019-09-04,2019,9,FA,1,F,A
2,2019-09-04,2019,9,FB,10,F,B
2,2019-09-04,2019,9,FH,1,F,H
2,2019-09-04,2019,9,FW,161,F,W
2,2019-09-04,2019,9,MB,2,M,B
2,2019-09-04,2019,9,MW,77,M,W
3,2019-09-04,2019,9,FB,40,F,B
3,2019-09-04,2019,9,FW,122,F,W
3,2019-09-04,2019,9,MB,21,M,B
3,2019-09-04,2019,9,MW,65,M,W
4,2019-09-04,2019,9,FB,9,F,B
4,2019-09-04,2019,9,FW,126,F,W
4,2019-09-04,2019,9,MB,2,M,B
4,2019-09-04,2019,9,MH,1,M,H
4,2019-09-04,2019,9,MW,54,M,W
1,2019-09-05,2019,9,FB,51,F,B
1,2019-09-05,2019,9,FW,82,F,W
1,2019-09-05,2019,9,MA,1,M,A
1,2019-09-05,2019,9,MB,34,M,B
1,2019-09-05,2019,9,MW,59,M,W
2,2019-09-05,2019,9,FA,1,F,A
2,2019-09-05,2019,9,FB,10,F,B
2,2019-09-05,2019,9,FH,1,F,H
2,2019-09-05,2019,9,FW,163,F,W
2,2019-09-05,2019,9,MB,2,M,B
2,2019-09-05,2019,9,MW,75,M,W
3,2019-09-05,2019,9,FB,40,F,B
3,2019-09-05,2019,9,FW,122,F,W
3,2019-09-05,2019,9,MB,22,M,B
3,2019-09-05,2019,9,MW,65,M,W
4,2019-09-05,2019,9,FB,9,F,B
4,2019-09-05,2019,9,FW,126,F,W
4,2019-09-05,2019,9,MB,1,M,B
4,2019-09-05,2019,9,MH,1,M,H
4,2019-09-05,2019,9,MW,54,M,W
1,2019-09-06,2019,9,FB,51,F,B
1,2019-09-06,2019,9,FW,82,F,W
1,2019-09-06,2019,9,MA,1,M,A
1,2019-09-06,2019,9,MB,34,M,B
1,2019-09-06,2019,9,MW,58,M,W
2,2019-09-06,2019,9,FA,1,F,A
2,2019-09-06,2019,9,FB,10,F,B
2,2019-09-06,2019,9,FH,1,F,H
2,2019-09-06,2019,9,FW,160,F,W
2,2019-09-06,2019,9,MB,2,M,B
2,2019-09-06,2019,9,MW,74,M,W
3,2019-09-06,2019,9,FB,40,F,B
3,2019-09-06,2019,9,FW,123,F,W
3,2019-09-06,2019,9,MB,22,M,B
3,2019-09-06,2019,9,MW,65,M,W
4,2019-09-06,2019,9,FB,9,F,B
4,2019-09-06,2019,9,FW,126,F,W
4,2019-09-06,2019,9,MB,1,M,B
4,2019-09-06,2019,9,MH,1,M,H
4,2019-09-06,2019,9,MW,54,M,W
1,2019-09-10,2019,9,FB,50,F,B
1,2019-09-10,2019,9,FW,82,F,W
1,2019-09-10,2019,9,MA,1,M,A
1,2019-09-10,2019,9,MB,34,M,B
1,2019-09-10,2019,9,MW,60,M,W
2,2019-09-10,2019,9,FA,1,F,A
2,2019-09-10,2019,9,FB,9,F,B
2,2019-09-10,2019,9,FH,1,F,H
2,2019-09-10,2019,9,FW,159,F,W
2,2019-09-10,2019,9,MB,2,M,B
2,2019-09-10,2019,9,MW,72,M,W
3,2019-09-10,2019,9,FB,39,F,B
3,2019-09-10,2019,9,FW,120,F,W
3,2019-09-10,2019,9,MB,24,M,B
3,2019-09-10,2019,9,MW,68,M,W
4,2019-09-10,2019,9,FB,9,F,B
4,2019-09-10,2019,9,FW,126,F,W
4,2019-09-10,2019,9,MB,1,M,B
4,2019-09-10,2019,9,MH,1,M,H
4,2019-09-10,2019,9,MW,54,M,W
1,2019-09-11,2019,9,FB,50,F,B
1,2019-09-11,2019,9,FW,82,F,W
1,2019-09-11,2019,9,MA,1,M,A
1,2019-09-11,2019,9,MB,35,M,B
1,2019-09-11,2019,9,MW,60,M,W
2,2019-09-11,2019,9,FA,1,F,A
2,2019-09-11,2019,9,FB,9,F,B
2,2019-09-11,2019,9,FH,1,F,H
2,2019-09-11,2019,9,FW,158,F,W
2,2019-09-11,2019,9,MB,2,M,B
2,2019-09-11,2019,9,MW,71,M,W
3,2019-09-11,2019,9,FB,39,F,B
3,2019-09-11,2019,9,FW,122,F,W
3,2019-09-11,2019,9,MB,24,M,B
3,2019-09-11,2019,9,MW,69,M,W
4,2019-09-11,2019,9,FB,9,F,B
4,2019-09-11,2019,9,FW,127,F,W
4,2019-09-11,2019,9,MB,1,M,B
4,2019-09-11,2019,9,MH,1,M,H
4,2019-09-11,2019,9,MW,54,M,W
1,2019-09-13,2019,9,FB,50,F,B
1,2019-09-13,2019,9,FW,82,F,W
1,2019-09-13,2019,9,MA,1,M,A
1,2019-09-13,2019,9,MB,34,M,B
1,2019-09-13,2019,9,MW,60,M,W
2,2019-09-13,2019,9,FA,1,F,A
2,2019-09-13,2019,9,FB,9,F,B
2,2019-09-13,2019,9,FH,1,F,H
2,2019-09-13,2019,9,FW,159,F,W
2,2019-09-13,2019,9,MB,2,M,B
2,2019-09-13,2019,9,MW,72,M,W
3,2019-09-13,2019,9,FB,39,F,B
3,2019-09-13,2019,9,FW,122,F,W
3,2019-09-13,2019,9,MB,24,M,B
3,2019-09-13,2019,9,MW,72,M,W
4,2019-09-13,2019,9,FB,9,F,B
4,2019-09-13,2019,9,FW,125,F,W
4,2019-09-13,2019,9,MB,1,M,B
4,2019-09-13,2019,9,MH,1,M,H
4,2019-09-13,2019,9,MW,55,M,W
1,2019-09-16,2019,9,FB,50,F,B
1,2019-09-16,2019,9,FW,82,F,W
1,2019-09-16,2019,9,MA,1,M,A
1,2019-09-16,2019,9,MB,33,M,B
1,2019-09-16,2019,9,MW,61,M,W
2,2019-09-16,2019,9,FA,1,F,A
2,2019-09-16,2019,9,FB,9,F,B
2,2019-09-16,2019,9,FH,1,F,H
2,2019-09-16,2019,9,FW,155,F,W
2,2019-09-16,2019,9,MB,2,M,B
2,2019-09-16,2019,9,MW,73,M,W
3,2019-09-16,2019,9,FB,39,F,B
3,2019-09-16,2019,9,FW,122,F,W
3,2019-09-16,2019,9,MB,24,M,B
3,2019-09-16,2019,9,MW,73,M,W
4,2019-09-16,2019,9,FB,9,F,B
4,2019-09-16,2019,9,FW,125,F,W
4,2019-09-16,2019,9,MB,1,M,B
4,2019-09-16,2019,9,MH,1,M,H
4,2019-09-16,2019,9,MW,55,M,W
